cycle,mode,lli_pct,normal_sei_loss_ah,sei_on_cracks_loss_ah,total_sei_loss_ah,sei_loss_ah,total_plated_lithium_ah,dead_lithium_ah,reversible_plated_lithium_ah,plating_loss_ah,dead_lithium_loss_ah,negative_sei_thickness_m,negative_sei_on_cracks_thickness_m,negative_electrode_min_potential_v,temperature_max_k,ambient_temperature_k,temperature_rise_max_k,negative_lam_pct,positive_lam_pct,negative_porosity,positive_porosity,negative_active_material_fraction,positive_active_material_fraction
1,virtual,0.009362606981468957,0.0003565379156175042,0.003481426999194488,0.0038379649148119924,0.0038379649148119924,0.0002993161013434642,0.00027099291183925467,2.8323189504209545e-05,0.0002993161013434642,0.00027099291183925467,5.39688394090884e-09,2.031290991380558e-09,-0.19573581574334042,329.42347961267717,296.15,33.27347961267719,0.0002960243688931996,0.00038484163921737036,0.24834214100120144,0.33499999999999996,0.7499977798172334,0.6649974408030994
2,virtual,0.017762838811506754,0.0006890889042677501,0.004925583850936967,0.005614672755204717,0.005614672755204717,0.0005529965623146217,0.0005249655654969542,2.8030996817667432e-05,0.0005529965623146217,0.0005249655654969542,5.767069846614089e-09,2.8737766049304077e-09,-0.19549337561733424,329.66389146925883,296.15,33.51389146925885,0.0005920316077094867,0.0007621257153687111,0.2475680818268145,0.33499999999999996,0.7499955597629423,0.6649949318639929
3,virtual,0.02571593697228991,0.0010015795605988259,0.006033600714811554,0.00703518027541038,0.00703518027541038,0.0007942633918840091,0.0007664522457058654,2.781114617814368e-05,0.0007942633918840091,0.0007664522457058654,6.114928273302623e-09,3.520152256303482e-09,-0.19633194915272242,329.5733486908926,296.15,33.423348690892624,0.0008880274924933929,0.0011381586421777001,0.2469469790663576,0.33499999999999996,0.7499933397938064,0.6649924312450297
4,virtual,0.033258177269473777,0.0012972705840180246,0.006967750551150143,0.008265021135168167,0.008265021135168167,0.0010224815106254872,0.0009948527676208446,2.7628743004642648e-05,0.0010224815106254872,0.0009948527676208446,6.444088601692732e-09,4.0650885283701075e-09,-0.1973205276869869,329.52139638271217,296.15,33.37139638271219,0.001184016754308459,0.0015132009557987658,0.24640812195386325,0.33499999999999996,0.7499911198743427,0.6649899372136441
5,virtual,0.04045819036493015,0.0015786027159626044,0.007790783176198949,0.009369385892161554,0.009369385892161554,0.001240198385466905,0.0012127283038467721,2.7470081620132886e-05,0.001240198385466905,0.0012127283038467721,6.757267533759049e-09,4.5451941618913195e-09,-0.19779404932701478,329.46877681078394,296.15,33.31877681078396,0.001480001782653062,0.0018873795249874092,0.24592350096905136,0.33499999999999996,0.7499888999866302,0.664987448926159
6,virtual,0.04735668382647873,0.0018474856938080885,0.008534897202123708,0.010382382895931797,0.010382382895931797,0.0014484611030605226,0.0014211330176123515,2.7328085448171183e-05,0.0014484611030605226,0.0014211330176123515,7.0565907241376276e-09,4.979254223728923e-09,-0.19859112188428388,329.41847870757147,296.15,33.26847870757149,0.0017759840710454,0.0022608033677187223,0.24547847781503873,0.33499999999999996,0.7499866801194672,0.6649849656576049
7,virtual,0.05399686786562086,0.002105437946253729,0.009219210748839734,0.011324648695093462,0.011324648695093462,0.001648893297932332,0.0016216944837372565,2.719881419507549e-05,0.001648893297932332,0.0016216944837372565,7.343748271750354e-09,5.378422543407772e-09,-0.1991136731417534,329.3691675252381,296.15,33.219167525238106,0.002071964692291317,0.002633526178740908,0.24506413850046016,0.33499999999999996,0.7499844602648079,0.6649824870509116
8,virtual,0.059498147702299775,0.002354855908481019,0.009859121751965329,0.012213977660446348,0.012213977660446348,0.0017750927838316858,0.0017480159422221177,2.707684160956807e-05,0.0017750927838316858,0.0017480159422221177,7.621407641262386e-09,5.751682421135773e-09,-0.1993475417394982,330.69157242644116,296.15,34.54157242644118,0.0023679413547910144,0.003003431744573959,0.24467672687568312,0.33499999999999996,0.7499822404398392,0.6649800271788988
9,virtual,0.06572017457065726,0.0025943883334494777,0.010457224178752325,0.013051612512201802,0.013051612512201802,0.0019635794516017603,0.0019366138260728258,2.6965625528934528e-05,0.0019635794516017603,0.0019366138260728258,7.888064614166201e-09,6.10054762381619e-09,-0.19974851706549931,329.2536541426287,296.15,33.10365414262873,0.002663917601381627,0.0033749231382671496,0.24430779841701042,0.33499999999999996,0.7499800206179897,0.6649775567611307
10,virtual,0.07175155888936047,0.002826106947150178,0.011022987900373397,0.013849094847523575,0.013849094847523575,0.00214603709671207,0.002119176393904547,2.6860702807523194e-05,0.00214603709671207,0.002119176393904547,8.14602523185974e-09,6.43054294669177e-09,-0.20042937824878457,329.2153899926089,296.15,33.065389992608914,0.002959893853159201,0.003745830456480803,0.2439563803118333,0.33499999999999996,0.7499778007961014,0.6649750902274646
11,virtual,0.07715061794041844,0.003051401841306929,0.01156275265613167,0.0146141544974386,0.0146141544974386,0.002288925854354919,0.002262165205972649,2.6760648382269988e-05,0.002288925854354919,0.002262165205972649,8.396836800372099e-09,6.745367070659615e-09,-0.20268318588910372,330.2857473694403,296.15,34.13574736944031,0.0032558688496777677,0.004115850583488623,0.2436211130204856,0.33499999999999996,0.7499755809836275,0.66497262959362
12,virtual,0.08286034638319961,0.003269527242231957,0.012076950143086872,0.01534647738531883,0.01534647738531883,0.0024616259983598725,0.0024349598459354805,2.666615242439196e-05,0.0024616259983598725,0.0024349598459354805,8.639669094446533e-09,7.045272151426305e-09,-0.2011154454559922,329.1321583108842,296.15,32.982158310884245,0.003551844298328888,0.0044856832270028235,0.24329810917297945,0.33499999999999996,0.7499733611677626,0.6649701702065406
13,virtual,0.08842760275146588,0.0034817061452628428,0.012570184171203999,0.01605189031646684,0.01605189031646684,0.0026299310953091224,0.002603355377908008,2.6575717401114245e-05,0.0026299310953091224,0.002603355377908008,8.875883430991617e-09,7.332944094968059e-09,-0.20146038593752785,329.09207555324434,296.15,32.942075553244365,0.0038478203955207846,0.004855018859657889,0.24298686120945978,0.33499999999999996,0.7499711413470337,0.6649677141245834
14,virtual,0.09387045744310285,0.003688398106976779,0.013044825556648392,0.01673322366362517,0.01673322366362517,0.0027946959827414336,0.0027682071846791847,2.6488798062248957e-05,0.0027946959827414336,0.0027682071846791847,9.105991312117147e-09,7.609766146179283e-09,-0.20187556986053287,329.0456294555026,296.15,32.895629455502615,0.004143797295569129,0.005223874971690634,0.2426861099024199,0.33499999999999996,0.7499689215202834,0.6649652612314384
15,virtual,0.09918368758746965,0.0038900207867248997,0.013502861571165155,0.017392882357890056,0.017392882357890056,0.0029551212113778677,0.0029287159858765455,2.640522550132222e-05,0.0029551212113778677,0.0029287159858765455,9.330457607450677e-09,7.876897776755453e-09,-0.20213212115571352,329.01966068669583,296.15,32.86966068669585,0.004439775077344166,0.005592282311582153,0.2423948737436328,0.33499999999999996,0.74996670168692,0.6649628113226281
16,virtual,0.10438414576375976,0.004086930255100303,0.013945925366801375,0.018032855621901676,0.018032855621901676,0.003112079546341344,0.0030857552287420474,2.6324317599296567e-05,0.003112079546341344,0.0030857552287420474,9.549678633459947e-09,8.135291857478023e-09,-0.20264353341287825,328.9911756792583,296.15,32.8411756792583,0.004735753803586817,0.005960185974856813,0.242112251966628,0.33499999999999996,0.7499644818464732,0.6649603647632674
17,virtual,0.10948549483254055,0.004279433382032948,0.014375377882308122,0.01865481126434107,0.01865481126434107,0.003266254664672083,0.0032400084299995797,2.6246234672503387e-05,0.003266254664672083,0.0032400084299995797,9.763995942520008e-09,8.385742443501515e-09,-0.20287940340547797,328.9414575199283,296.15,32.791457519928315,0.005031733567847141,0.006327670796949292,0.24183749213512723,0.33499999999999996,0.7499622619982412,0.6649579209892005
18,virtual,0.11449499349095049,0.004467818845704,0.014792414890052001,0.019260233735756,0.019260233735756,0.0034178870768793506,0.0033917167457819678,2.6170331097382857e-05,0.0034178870768793506,0.0033917167457819678,9.973730840440302e-09,8.628947222520535e-09,-0.2032927220780687,328.90072016763963,296.15,32.750720167639656,0.0053277143708783115,0.006694717965118002,0.24156994586632002,0.33499999999999996,0.7499600421422186,0.6649554801255322
19,virtual,0.11891278579582831,0.004653040820096682,0.015199591496268641,0.019852632316365325,0.019852632316365325,0.00352963719365648,0.0035035421807379746,2.6095012918505526e-05,0.00352963719365648,0.0035035421807379746,1.0179945452183698e-08,8.866396780992312e-09,-0.20382065704766422,330.4292063311252,296.15,34.27920633112524,0.005623694621093023,0.007060929892247714,0.24131027764515203,0.33499999999999996,0.7499578222903419,0.6649530448162168
20,virtual,0.12373816629042267,0.00483392758944518,0.015594717809317517,0.0204286453987627,0.0204286453987627,0.003675413661729938,0.003649390705449726,2.6022956280211812e-05,0.003675413661729938,0.003649390705449726,1.0381335414187454e-08,9.096813857776439e-09,-0.20423491707079544,328.841355657824,296.15,32.69135565782403,0.005919675969266791,0.007427160400197863,0.2410556402054731,0.33499999999999996,0.7499556024302306,0.6649506093833388
21,virtual,0.12849212893996764,0.0050113861024312575,0.01598011580867366,0.020991501911104916,0.020991501911104916,0.0038194433833372795,0.0037934906986713227,2.5952684665956835e-05,0.0038194433833372795,0.0037934906986713227,1.0578910285217006e-08,9.321553028669298e-09,-0.20467167979593492,328.7950534522327,296.15,32.64505345223273,0.006215658393458057,0.007792987660664608,0.24080672705986053,0.33499999999999996,0.7499533825620491,0.6649481766320567
22,virtual,0.13317188185649798,0.005185609040194241,0.01635648196036857,0.02154209100056281,0.02154209100056281,0.003961329275867203,0.0039354451619134576,2.58841139537452e-05,0.003961329275867203,0.0039354451619134576,1.0772884521782327e-08,9.541020666115272e-09,-0.20456039574043877,328.75742085620743,296.15,32.607420856207455,0.006511641953849789,0.008158430826469498,0.24056318121000272,0.33499999999999996,0.7499511626853462,0.6649457464350041
23,virtual,0.13778031582954497,0.0053567723243479835,0.016724435043873224,0.02208120736822121,0.02208120736822121,0.004101106574640809,0.0040752896235340536,2.581695110675554e-05,0.004101106574640809,0.0040752896235340536,1.0963453926364626e-08,9.755577816486203e-09,-0.20539737351664739,328.72783891133,296.15,32.57783891133005,0.006807626650910947,0.008523474469555481,0.24032466096449429,0.33499999999999996,0.7499489428001183,0.6649433188947776
24,virtual,0.1423385901386638,0.005525021856425789,0.017084495267024137,0.022609517123449926,0.022609517123449926,0.004240169231398113,0.004214417991616368,2.575123978174488e-05,0.004240169231398113,0.004214417991616368,1.1150780885573153e-08,9.965528019577122e-09,-0.20505132645697102,328.67048556252837,296.15,32.52048556252839,0.007103612555894756,0.008888127919476574,0.24009080083654746,0.33499999999999996,0.7499467229058309,0.6649408939493356
25,virtual,0.1468170949852663,0.005690519492486204,0.017437188611276182,0.023127708103762384,0.023127708103762384,0.004376197993698586,0.004350511222468221,2.5686771230364752e-05,0.004376197993698586,0.004350511222468221,1.1335045548471938e-08,1.0171178174149867e-08,-0.2052563555522556,328.6602507358476,296.15,32.51025073584765,0.007399599603132856,0.009252423971489065,0.23986144127914022,0.33499999999999996,0.7499445030029767,0.6649384713805898
26,virtual,0.15123240238736457,0.005853237084334393,0.01778261390818307,0.023635850992517464,0.023635850992517464,0.004510434873814712,0.004484324133967141,2.6110739847571424e-05,0.004510434873814712,0.004484324133967141,1.1516216481781544e-08,1.0372586175381406e-08,-0.20591108244451756,328.6374183533384,296.15,32.4874183533384,0.007694967136075093,0.009616370421724696,0.2396364801021212,0.33499999999999996,0.7499422877464795,0.6649360511366957
27,virtual,0.15557381072321164,0.006013328425420501,0.01812123872957249,0.024134567154992993,0.024134567154992993,0.004641926088746508,0.004615877773445433,2.604831530107505e-05,0.004641926088746508,0.004615877773445433,1.1694464930686825e-08,1.057002469165478e-08,-0.2052027235117027,328.40024349198575,296.15,32.25024349198577,0.007990334028534107,0.009980460862038854,0.2394157070113386,0.33499999999999996,0.7499400724947861,0.6649336299352676
28,virtual,0.1598514167828995,0.006171040281489555,0.018453707822951113,0.024624748104440666,0.024624748104440666,0.004771172363403809,0.004745185146048624,2.5987217355185818e-05,0.004771172363403809,0.004745185146048624,1.1870065571091216e-08,1.0763869874072966e-08,-0.2054392043620987,328.3823745287642,296.15,32.23237452876424,0.00828570204939183,0.010344208020001133,0.239198711957918,0.33499999999999996,0.7499378572346297,0.6649312110166672
29,virtual,0.1640749967532571,0.006326471669180074,0.018780337516268307,0.02510680918544838,0.02510680918544838,0.004898785686758709,0.004872858379098827,2.5927307659882187e-05,0.004898785686758709,0.004872858379098827,1.2043128605965187e-08,1.0954306305455377e-08,-0.20564845682891364,328.35060477851323,296.15,32.20060477851325,0.008581071129555085,0.01070762645960599,0.23898528195446517,0.33499999999999996,0.7499356419665284,0.6649287942840438
30,virtual,0.1682383109254033,0.006479726270034118,0.01910144150898331,0.02558116777901743,0.02558116777901743,0.005024208539833086,0.004998340078382523,2.586846145056273e-05,0.005024208539833086,0.004998340078382523,1.221376943262634e-08,1.114151703017332e-08,-0.2060089859398826,328.3377369268674,296.15,32.187736926867444,0.008876441258323098,0.011070704037706491,0.23877527092982798,0.33499999999999996,0.7499334266905627,0.6649263798181494
31,virtual,0.17237485052379498,0.0066308806281285704,0.019417265902638096,0.026048146530766668,0.026048146530766668,0.0051498045793632605,0.005123993932485521,2.5810646877739117e-05,0.0051498045793632605,0.005123993932485521,1.2382073239854162e-08,1.1325645659905548e-08,-0.20611245806092776,328.2793417454723,296.15,32.129341745472345,0.009171812497413612,0.011433403505037631,0.23856840398694723,0.33499999999999996,0.7499312114062695,0.6649239678666917
32,virtual,0.17645587584048883,0.00678002928978191,0.019728085181817685,0.026508114471599595,0.026508114471599595,0.005273382741302235,0.005247628963256125,2.5753778046110065e-05,0.005273382741302235,0.005247628963256125,1.2548145257896448e-08,1.1506852356904123e-08,-0.20632339017959941,328.25916888940856,296.15,32.10916888940858,0.009467184794814898,0.011795804889317196,0.23836465040158877,0.33499999999999996,0.749928996114039,0.6649215578974862
33,virtual,0.18048363934076406,0.006927252944434631,0.02003413665652931,0.02696138960096394,0.02696138960096394,0.0053950271393099995,0.005369329416018247,2.5697723291752753e-05,0.0053950271393099995,0.005369329416018247,1.271207529242972e-08,1.1685275596545151e-08,-0.2065711476211729,328.24384844369513,296.15,32.09384844369515,0.009762558104554842,0.012157889263548327,0.23816386938736978,0.33499999999999996,0.7499267808142159,0.6649191500363976
34,virtual,0.18446848100302304,0.007072622396166628,0.020335629965751247,0.027408252361917875,0.027408252361917875,0.005515420459916818,0.005489777922360905,2.5642537555913177e-05,0.005515420459916818,0.005489777922360905,1.2873942145530446e-08,1.1861037711076375e-08,-0.20728625237887308,328.2177315370316,296.15,32.06773153703165,0.010057932353305432,0.012519643784997925,0.2379659015155878,0.33499999999999996,0.7499245655073503,0.66491674436883
35,virtual,0.18841363285689283,0.007216205008233669,0.020632761403806106,0.027848966412039773,0.027848966412039773,0.005634729926447149,0.00560914182199077,2.5588104456378442e-05,0.005634729926447149,0.00560914182199077,1.3033820789773748e-08,1.2034253245989394e-08,-0.2071160609336859,328.1854750284216,296.15,32.035475028421615,0.010353307469202377,0.012881080480852347,0.23777062440843036,0.33499999999999996,0.7499223501939811,0.6649143408148025
36,virtual,0.19232306964647705,0.007358065190636028,0.02092571565810634,0.02828378084874237,0.02828378084874237,0.005753180480301602,0.0057276460219061,2.553445839550278e-05,0.005753180480301602,0.0057276460219061,1.319178291096106e-08,1.2205029973829114e-08,-0.20750596717660985,328.1512641786357,296.15,32.00126417863572,0.010648683427660899,0.013242200154451211,0.2375779185657265,0.33499999999999996,0.7499201348742927,0.6649119393689731
37,virtual,0.19451506583945388,0.007500389573658723,0.021219042086674748,0.028719431660333472,0.028719431660333472,0.005746211277632962,0.005720729772440241,2.548150519272093e-05,0.005746211277632962,0.005720729772440241,1.3350262764434251e-08,1.2376021225745564e-08,-0.20750793774762524,331.6847631780141,296.15,35.534763178014146,0.010944309904985516,0.01360134374657207,0.23739212463894555,0.33499999999999996,0.7499179176757127,0.6649095510640854
38,virtual,0.19834482244061746,0.007638971261574177,0.02150411361979117,0.02914308488136535,0.02914308488136535,0.005862176224689579,0.005836751773783928,2.5424450905650944e-05,0.005862176224689579,0.005836751773783928,1.3504576999493749e-08,1.2542195559450642e-08,-0.20775193544075896,328.1098056970861,296.15,31.959805697086097,0.011239681699308335,0.013961829013013016,0.23720433312300696,0.33499999999999996,0.7499157023872552,0.6649071538370637
39,virtual,0.2021508506377927,0.007775999771281902,0.02178548594226789,0.02956148571354979,0.02956148571354979,0.0059779856847118965,0.00595261283554892,2.5372849162976115e-05,0.0059779856847118965,0.00595261283554892,1.3657163079791323e-08,1.2706210008442054e-08,-0.20801354339871342,328.0592230914872,296.15,31.909223091487206,0.011535054123669397,0.014321998990510565,0.2370187954817144,0.33499999999999996,0.7499134870940726,0.6649047587067133
40,virtual,0.20591397080445972,0.007911537026019173,0.022063321976153218,0.02997485900217239,0.02997485900217239,0.006092179611049518,0.006066857864750991,2.532174629852734e-05,0.006092179611049518,0.006066857864750991,1.3808089925886999e-08,1.286815963970239e-08,-0.2105963453890849,328.0455745862713,296.15,31.895574586271323,0.011830427084845496,0.014681881697427457,0.23683550024183192,0.33499999999999996,0.7499112717968638,0.6649023654867123
41,virtual,0.20963934600005985,0.008045630618274112,0.022337752096422126,0.03038338271469624,0.03038338271469624,0.006205086727366273,0.0061798157629624475,2.5270964403825875e-05,0.006205086727366273,0.0061798157629624475,1.395741050543295e-08,1.3028120535351562e-08,-0.20859781669561683,328.02722213182574,296.15,31.87722213182576,0.012125800455677904,0.01504146778985671,0.23665435228824303,0.33499999999999996,0.7499090564965826,0.6648999742391977
42,virtual,0.2133378378670585,0.008178323457432479,0.022608894350636323,0.0307872178080688,0.0307872178080688,0.006317455891881397,0.006292234874300013,2.5221017581384016e-05,0.006317455891881397,0.006292234874300013,1.410517257324448e-08,1.318616158569345e-08,-0.20860053538348178,327.9936599320741,296.15,31.843659932074104,0.012421174254967582,0.015400737578588064,0.23647523942552293,0.33499999999999996,0.7499068411930878,0.6648975850951026
43,virtual,0.21700332962473112,0.008309661101424708,0.022876869721668927,0.031186530823093635,0.031186530823093635,0.006428794411701272,0.006403622953223005,2.5171458478266684e-05,0.006428794411701272,0.006403622953223005,1.4251426833186427e-08,1.3342353391042924e-08,-0.20892754421618334,327.9701756427514,296.15,31.82017564275145,0.012716548315282239,0.015759726445494948,0.2362981190313917,0.33499999999999996,0.7499046258876355,0.6648951978191376
44,virtual,0.22063070008152863,0.008439688209543186,0.023141795080960682,0.031581483290503864,0.031581483290503864,0.0065386845703236315,0.006513562201251127,2.5122369072504147e-05,0.0065386845703236315,0.006513562201251127,1.4396222989320046e-08,1.3496764151810303e-08,-0.20903567892237104,327.95841759581214,296.15,31.80841759581216,0.013011922584553304,0.016118435807882747,0.23612294627894123,0.33499999999999996,0.7499024105806159,0.6648928124018778
45,virtual,0.224232053863048,0.0085684399692492,0.023403765963111427,0.03197220593236063,0.03197220593236063,0.006647973650272346,0.006622899957501635,2.5073692770711045e-05,0.006647973650272346,0.006622899957501635,1.4539600201644423e-08,1.3649449622698408e-08,-0.20952662762522536,327.9282273168214,296.15,31.778227316821415,0.01330729699898825,0.016476843076773662,0.23594961619061838,0.33499999999999996,0.7499001952725077,0.6648904289935397
46,virtual,0.22780966941110137,0.008695953640651255,0.023662880305398162,0.032358833946049416,0.032358833946049416,0.006756790069951486,0.006731764542839187,2.5025527112298822e-05,0.006756790069951486,0.006731764542839187,1.4681599938025956e-08,1.3800466958070907e-08,-0.20978715853664034,327.8948324676676,296.15,31.744832467667607,0.01360267145955163,0.01683495240192201,0.23577806354104758,0.33499999999999996,0.7498979799640535,0.6648880475665274
47,virtual,0.23135735332340346,0.008822268219831113,0.023919237885117392,0.032741506104948505,0.032741506104948505,0.0068646434199112994,0.00683966555737601,2.497786253528953e-05,0.0068646434199112994,0.00683966555737601,1.4822265599434009e-08,1.3949874383715962e-08,-0.2097560091260777,327.87566822402067,296.15,31.725668224020694,0.013898045906387324,0.017192771460258882,0.23560825744284225,0.33499999999999996,0.7498957646557022,0.6648856680697894
48,virtual,0.23488430183688536,0.00894741426497252,0.02417291982172072,0.03312033408669324,0.03312033408669324,0.006972173020022588,0.006947242508129561,2.4930511893026495e-05,0.006972173020022588,0.006947242508129561,1.4961631193656958e-08,1.409771924265049e-08,-0.2099368275182709,327.8400361295796,296.15,31.690036129579596,0.014193420258450828,0.017550293962457886,0.2354401131116863,0.33499999999999996,0.7498935493480617,0.6648832905451498
49,virtual,0.23837620847508845,0.009071429299071784,0.024424019964858247,0.03349544926393003,0.03349544926393003,0.0070782978553693985,0.007053414409409428,2.488344595997019e-05,0.0070782978553693985,0.007053414409409428,1.5099738482649176e-08,1.4244056300628061e-08,-0.2100533215108217,327.83053470344277,296.15,31.680534703442788,0.014488794426142704,0.01790755473687966,0.23527363705343,0.33499999999999996,0.7498913340418041,0.664880914761
50,virtual,0.24186970632624138,0.009194334614136452,0.024672598033291884,0.033866932647428336,0.033866932647428336,0.007185669285676975,0.007160832514752725,2.4836770924250087e-05,0.007185669285676975,0.007160832514752725,1.5236611159239942e-08,1.4388920417186651e-08,-0.21046506171296225,327.7626632595884,296.15,31.61266325958843,0.014784168466533743,0.018264447884973833,0.235108640976986,0.33499999999999996,0.7498891187365011,0.6648785414215651
51,virtual,0.24531035207404273,0.009316174081412415,0.024918758255803943,0.03423493233721636,0.03423493233721636,0.007290270182490397,0.007265479733995508,2.4790448494889025e-05,0.007290270182490397,0.007265479733995508,1.53722980535974e-08,1.4532372408299466e-08,-0.2104045883763173,327.7837971358313,296.15,31.633797135831344,0.01507954219266594,0.0186211536214671,0.23494529440983072,0.33499999999999996,0.7498869034335551,0.6648761693284174
52,virtual,0.24872723372634198,0.009436969295484508,0.025162558733010678,0.03459952802849518,0.03459952802849518,0.00739420100056787,0.007369456148150826,2.4744852417044223e-05,0.00739420100056787,0.007369456148150826,1.5506823196184465e-08,1.4674446187282687e-08,-0.21061676977262334,327.7604674292937,296.15,31.61046742929375,0.015374915635320008,0.01897759324926085,0.23478344155242295,0.33499999999999996,0.7498846881327352,0.6648737990048926
53,virtual,0.25144271069123647,0.009557463372284164,0.02540551071518333,0.03496297408746749,0.03496297408746749,0.007447506620186772,0.0074228089984786656,2.469762170810661e-05,0.007447506620186772,0.0074228089984786656,1.564101388006683e-08,1.4816023102288024e-08,-0.21090704218713177,330.3191721388383,296.15,34.16917213883835,0.01567028677561666,0.019330787946827854,0.23462501417450587,0.33499999999999996,0.749882472849183,0.6648714502601538
54,virtual,0.25416103995735284,0.009676956016076292,0.025646212940306924,0.03532316895638322,0.03532316895638322,0.007502023058494886,0.007477372199712225,2.465085878266063e-05,0.007502023058494886,0.007477372199712225,1.577409046757488e-08,1.495628599440297e-08,-0.21106979098413448,330.3602732810192,296.15,34.21027328101923,0.01596565549374418,0.019683970874993406,0.23446790616815977,0.33499999999999996,0.7498802575837971,0.6648691015936815
55,virtual,0.25750875989461974,0.009794761610328072,0.02588329845925435,0.03567806006958242,0.03567806006958242,0.007603956249425996,0.0075793501778944035,2.4606071531592215e-05,0.007603956249425996,0.0075793501778944035,1.5905289654462282e-08,1.5094437737376247e-08,-0.22021603576976867,327.6900642990266,296.15,31.540064299026596,0.016261023731956925,0.020039579087637094,0.23431031682484876,0.33499999999999996,0.7498780423220104,0.6648667367990674
56,virtual,0.2608354798484811,0.009911624845274553,0.02611827921349442,0.03602990405876898,0.03602990405876898,0.00770531897483362,0.007680757612292784,2.4561362540836094e-05,0.00770531897483362,0.007680757612292784,1.603544048776891e-08,1.5231360078418917e-08,-0.21149837222578866,327.6672469298365,296.15,31.517246929836517,0.016556391472661858,0.02039491156970996,0.2341540628917541,0.33499999999999996,0.7498758270639552,0.6648643738380616
57,virtual,0.26414123280721924,0.01002756859787218,0.02635121175623,0.03637878035410218,0.03637878035410218,0.0078060903228423404,0.007781573187059675,2.4517135782665435e-05,0.0078060903228423404,0.007781573187059675,1.616456842719824e-08,1.5367086023305346e-08,-0.21149065032945438,327.64365217285166,296.15,31.493652172851682,0.016851758742120637,0.020749975586895175,0.23399911163284084,0.33499999999999996,0.7498736118094342,0.6648620126623473
58,virtual,0.2674298567070963,0.01014261431338905,0.02658214911180346,0.036724763425192514,0.036724763425192514,0.007906529113550982,0.007882055934600098,2.4473178950884175e-05,0.007906529113550982,0.007882055934600098,1.6292697338828758e-08,1.5501646519054688e-08,-0.21192928351180784,327.61580666892934,296.15,31.46580666892936,0.017147125457228185,0.021104753975563995,0.2338454162198746,0.33499999999999996,0.7498713965590709,0.6648596533860627
59,virtual,0.27070395042602513,0.010256782626822033,0.026811142075499037,0.03706792470232107,0.03706792470232107,0.008006804291206584,0.007982374924830012,2.44293663765726e-05,0.008006804291206584,0.007982374924830012,1.6419850186955943e-08,1.56350712118794e-08,-0.2118536806597116,327.5834137970212,296.15,31.433413797021217,0.017442491646605163,0.021459241119870853,0.23369293633265054,0.33499999999999996,0.7498691813126506,0.6648572960465531
60,virtual,0.27395039250363595,0.010370096433261464,0.027038245409222245,0.037408341842483706,0.037408341842483706,0.008105934023738376,0.008081548210280452,2.4385813457924316e-05,0.008105934023738376,0.008081548210280452,1.654605245232165e-08,1.5767392060281926e-08,-0.21207361236711755,327.5734759837123,296.15,31.423475983712308,0.01773785723544563,0.021813503788294497,0.2335416956843882,0.33499999999999996,0.7498669660707342,0.6648549401998081
61,virtual,0.2771869174078887,0.010482571923468442,0.027263499914001003,0.03774607183746945,0.03774607183746945,0.008205197230691113,0.008180854564768882,2.4342665922230666e-05,0.008205197230691113,0.008180854564768882,1.6671322151941618e-08,1.5898632880708798e-08,-0.21370979733952508,327.53452013367735,296.15,31.38452013367737,0.018033222230272372,0.022167468644042287,0.2333915957957143,0.33499999999999996,0.7498647508332731,0.6648525863335173
62,virtual,0.28039503849916514,0.010594231754403771,0.02748695885917204,0.038081190613575816,0.038081190613575816,0.008303221420849575,0.008278921839828632,2.429958102094336e-05,0.008303221420849575,0.008278921839828632,1.6795684501977078e-08,1.602882475963825e-08,-0.22038984866554293,327.52947290249415,296.15,31.37947290249417,0.018328586544654968,0.02252120782925715,0.23324268376031007,0.33499999999999996,0.7498625356009152,0.6648502339679356
63,virtual,0.28358830837478877,0.010705091395297295,0.027708660669676755,0.03841375206497405,0.03841375206497405,0.008400980435146914,0.008376723497552554,2.4256937594360067e-05,0.008400980435146914,0.008376723497552554,1.6919156716625685e-08,1.6157990126449375e-08,-0.21258675097303711,327.5004922159237,296.15,31.350492215923737,0.0186239501254164,0.022874672254076245,0.2330948801041071,0.33499999999999996,0.7498603203740595,0.6648478834295106
64,virtual,0.28676335905730355,0.010815169651894994,0.027928650028350953,0.03874381968024595,0.03874381968024595,0.008498209647624455,0.00847399528077882,2.42143668456353e-05,0.008498209647624455,0.00847399528077882,1.7041759724920436e-08,1.6286155059003783e-08,-0.21325429720321834,327.4798521294615,296.15,31.32985212946153,0.01891931292385607,0.02322787248523639,0.2329481730290471,0.33499999999999996,0.7498581051530712,0.6648455346479734
65,virtual,0.2899278643651968,0.010924481957490592,0.028146964483725074,0.039071446441215664,0.039071446441215664,0.008595453975285664,0.008571281934512925,2.417204077273874e-05,0.008595453975285664,0.008571281934512925,1.7163510701503902e-08,1.6413341474208665e-08,-0.22046384262145388,327.44632480242973,296.15,31.29632480242975,0.01921467497031415,0.0235807779411914,0.23280250831009314,0.33499999999999996,0.7498558899377228,0.6648431878266913
66,virtual,0.29306724294342246,0.01103304564033724,0.02836364500423035,0.03939669064456759,0.03939669064456759,0.008691629408928273,0.008667499474658709,2.412993426956396e-05,0.008691629408928273,0.008667499474658709,1.728442893091924e-08,1.6539573282615674e-08,-0.22098429250106483,327.43361706613166,296.15,31.283617066131683,0.019510036160269806,0.023933484603233524,0.23265792385565515,0.33499999999999996,0.749853674728798,0.6648408423273887
67,virtual,0.2961887710818729,0.011140876825122357,0.02857872980880805,0.039719606633930406,0.039719606633930406,0.008787252703524236,0.008763164667496359,2.4088036027877097e-05,0.008787252703524236,0.008763164667496359,1.7404532357985646e-08,1.6664872790758745e-08,-0.22051411220159958,327.41503045247214,296.15,31.26503045247216,0.019805396515295115,0.024285931894723944,0.23251436649071186,0.33499999999999996,0.7498514595261354,0.6648384985529002
68,virtual,0.299294369100096,0.01124799020620033,0.028792253941779807,0.04004024414798014,0.04004024414798014,0.00888244884483669,0.008858402459882035,2.4046384954654748e-05,0.00888244884483669,0.008858402459882035,1.752383733527877e-08,1.6789260453411948e-08,-0.22053790179948002,327.39327073987164,296.15,31.24327073987166,0.020100756003316178,0.02463812245157726,0.2323718077136042,0.33499999999999996,0.7498492443299752,0.6648361564856972
69,virtual,0.3023850554802152,0.011354400372292697,0.029004251937663785,0.040358652309956486,0.040358652309956486,0.00897727754704906,0.008953272324727878,2.4005222321181116e-05,0.00897727754704906,0.008953272324727878,1.7642360097964094e-08,1.69127564274856e-08,-0.21367686268357344,327.36969589347535,296.15,31.219695893475375,0.020396114605034654,0.024990052919477534,0.23223022306857813,0.33499999999999996,0.7498470291404623,0.6648338161480857
70,virtual,0.305466937335126,0.011460118502965827,0.02921475126224868,0.040674869765214505,0.040674869765214505,0.009072172290098664,0.00904820832480685,2.3963965291813605e-05,0.009072172290098664,0.00904820832480685,1.7760113085828162e-08,1.7035376747538006e-08,-0.21373760715602264,327.3293867782729,296.15,31.179386778272942,0.02069147229495627,0.025341724484860606,0.23208957091669402,0.33499999999999996,0.7498448139577879,0.6648314775321759
71,virtual,0.308532644541188,0.011565163123123317,0.029423793742156253,0.04098895686527957,0.04098895686527957,0.009166578719705245,0.00914265577393342,2.3922945771824577e-05,0.009166578719705245,0.00914265577393342,1.7877116916729802e-08,1.7157145821406097e-08,-0.21388855541674717,327.3140427267715,296.15,31.164042726771527,0.02098682903991289,0.02569311913057959,0.23194985759148384,0.33499999999999996,0.7498425987822007,0.6648291407577819
72,virtual,0.31158543495580204,0.011669545613411582,0.029631406727737595,0.04130095234114918,0.04130095234114918,0.009260721980372547,0.009236839869515408,2.3882110857138816e-05,0.009260721980372547,0.009236839869515408,1.7993384254693114e-08,1.7278079615240234e-08,-0.22064590875254791,327.2890890194812,296.15,31.13908901948122,0.021282184804590543,0.026044251031208887,0.2318110534913802,0.33499999999999996,0.7498403836139657,0.6648268057306427
73,virtual,0.3146296372457158,0.011773278178158444,0.029837618979976294,0.041610897158134735,0.041610897158134735,0.009354906230258692,0.009331064780251922,2.3841450006769835e-05,0.009354906230258692,0.009331064780251922,1.8108928680941632e-08,1.7398194917255605e-08,-0.22067150425434576,327.25662425545676,296.15,31.10662425545678,0.021577539549909375,0.026395096771523185,0.2316731234808944,0.33499999999999996,0.7498381684533758,0.6648244726064696
74,virtual,0.3176522217372053,0.011876373327539033,0.030042459649278184,0.041918832976817214,0.041918832976817214,0.009448164965017027,0.00942436399708793,2.3800967929097153e-05,0.009448164965017027,0.00942436399708793,1.8223764117383258e-08,1.7517508742228224e-08,-0.22069984060700126,327.24293960836815,296.15,31.09293960836817,0.0218728932702561,0.026745758875236447,0.23153610576723624,0.33499999999999996,0.7498359533004731,0.6648221407034799
75,virtual,0.32065442067263916,0.011978844982380533,0.030245960478610393,0.04222480546099093,0.04222480546099093,0.009540575814263713,0.009516815228751934,2.3760585511779092e-05,0.009540575814263713,0.009516815228751934,1.8337906056645615e-08,1.7636039616151224e-08,-0.21515073080034136,327.2343972528866,296.15,31.084397252886617,0.022168245894562233,0.027096200679480376,0.23139997633472992,0.33499999999999996,0.7498337381557909,0.6648198102654816
