cycle,mode,soc_bin_id,soc_start_pct,soc_end_pct,actual_soc_start_pct,actual_soc_end_pct,soc_coverage_pct,soc_definition,soc_reference_capacity_ah,capacity_reference_node,soc_anchor_pct,soc_anchor_source,configured_charge_current_a,configured_nominal_charge_rate_c,effective_charge_rate_c,nominal_capacity_ah,soh_pct,q_ref_ah,q_ref_node,lli_pct,negative_lam_pct,positive_lam_pct,external_charge_ah,negative_particle_lithium_mol_start,negative_particle_lithium_mol_end,intercalated_charge_increment_ah,total_plating_inventory_start_ah,total_plating_inventory_end_ah,reversible_plating_inventory_start_ah,reversible_plating_inventory_end_ah,reversible_plating_increment_ah,reversible_plating_depletion_ah,dead_lithium_inventory_start_ah,dead_lithium_inventory_end_ah,dead_lithium_increment_ah,sei_inventory_start_ah,sei_inventory_end_ah,sei_increment_ah,useful_charge_efficiency_pct,reversible_retention_pct,charge_balance_error_ah,charge_balance_error_pct,charge_balance_abs_error_pct,charge_balance_status,time_start_s,time_end_s,duration_s,cc_charge_ah,cv_charge_ah,cv_charge_fraction_pct,mean_current_a,mean_voltage_v,maximum_voltage_v,temperature_start_k,temperature_end_k,temperature_mean_k,temperature_max_k,temperature_rise_k,negative_surface_stoichiometry,negative_average_stoichiometry,negative_particle_radial_stoichiometry_gradient,minimum_electrolyte_concentration_mol_m3,negative_reaction_overpotential_v,plating_reaction_overpotential_v,negative_intercalation_current_density_mean_a_m2,negative_intercalation_current_density_max_a_m2,negative_plating_current_density_mean_a_m2,negative_plating_current_density_extreme_a_m2,negative_sei_current_density_mean_a_m2,negative_sei_current_density_max_a_m2,electrolyte_ohmic_loss_mean_v,electrolyte_ohmic_loss_max_v,negative_particle_concentration_overpotential_mean_v,negative_particle_concentration_overpotential_max_v,irreversible_heating_energy_wh,ohmic_heating_energy_wh,reversible_heating_energy_wh,total_heating_energy_wh,soc_crossing_count,soc_crossing_selection_rule,charge_trace_path,trace_start_row,trace_end_row,trace_start_time_s,trace_end_time_s,primary_status,status_flags,is_valid_for_efficiency_analysis,is_valid_for_mechanism_analysis,output_schema_version,charge_efficiency_algorithm_version
1,virtual,20-40,20.0,40.0,20.0,40.0,100.0,NEGATIVE_PARTICLE_LITHIUM_DELTA_OVER_FROZEN_Q_REF_V1,4.86364618924218,0,20.0,INITIAL_SOC_CONFIGURATION,14.55,3.0000000000000004,2.9915827413973717,4.85,100.0,4.86364618924218,0,,,,1.1551194476834454,0.04274926258206297,0.07904312382823774,0.9727292378484359,,,,,0.18227857614552745,0.0,,,4.2023629063416863e-05,,,0.001657378921032826,84.21027278167749,99.99033574495641,-0.0015877688606140694,-0.1374549501177812,0.1374549501177812,SOC_UPPER_BOUND_NOT_REACHED,0.0,337.74664595567725,337.74664595567725,0.10991671893185419,1.0452027287515913,90.48438504327075,,,,,,,,,,,,,,,,,,,,,,,,,,,,,1,FIRST_UPWARD_CROSSING,charge_timeseries/cycle-001.csv,,,0.0,7545.42432642039,SOC_UPPER_BOUND_NOT_REACHED,SOC_UPPER_BOUND_NOT_REACHED,False,False,3,charge-efficiency-v1
1,virtual,40-60,40.0,60.0,40.0,60.0,100.0,NEGATIVE_PARTICLE_LITHIUM_DELTA_OVER_FROZEN_Q_REF_V1,4.86364618924218,0,20.0,INITIAL_SOC_CONFIGURATION,14.55,3.0000000000000004,2.9915827413973717,4.85,100.0,4.86364618924218,0,,,,0.9335899527788767,0.07904312382823774,0.1153369850744125,0.9727292378484362,,,,,-0.03936997911604395,0.03936997911604395,,,5.171416972664031e-05,,,0.0012458405433882047,104.1923421468986,99.97528957485052,-0.0010668606666303093,-0.11427508013070896,0.11427508013070896,SOC_UPPER_BOUND_NOT_REACHED,337.74664595567725,655.1094372680096,317.3627913123324,0.0,0.9335899527788767,100.0,,,,,,,,,,,,,,,,,,,,,,,,,,,,,1,FIRST_UPWARD_CROSSING,charge_timeseries/cycle-001.csv,,,0.0,7545.42432642039,SOC_UPPER_BOUND_NOT_REACHED,SOC_UPPER_BOUND_NOT_REACHED,False,False,3,charge-efficiency-v1
1,virtual,60-80,60.0,80.0,60.0,80.0,100.0,NEGATIVE_PARTICLE_LITHIUM_DELTA_OVER_FROZEN_Q_REF_V1,4.86364618924218,0,20.0,INITIAL_SOC_CONFIGURATION,14.55,3.0000000000000004,2.9915827413973717,4.85,100.0,4.86364618924218,0,,,,0.8452197124578341,0.1153369850744125,0.15163084632058726,0.9727292378484358,,,,,-0.12809972643690257,0.12809972643690257,,,8.703957330566281e-05,,,0.0027274820685498306,115.08596208905419,99.93017187867228,-0.002224320595554552,-0.2631647798519036,0.2631647798519036,SOC_UPPER_BOUND_NOT_REACHED,655.1094372680096,3509.0695594126996,2853.96012214469,0.21355555250642289,0.6316641599514112,74.7337231540164,,,,,,,,,,,,,,,,,,,,,,,,,,,,,1,FIRST_UPWARD_CROSSING,charge_timeseries/cycle-001.csv,,,0.0,7545.42432642039,SOC_UPPER_BOUND_NOT_REACHED,SOC_UPPER_BOUND_NOT_REACHED,False,False,3,charge-efficiency-v1
1,virtual,80-100,80.0,100.0,80.0,,0.0,NEGATIVE_PARTICLE_LITHIUM_DELTA_OVER_FROZEN_Q_REF_V1,4.86364618924218,0,20.0,INITIAL_SOC_CONFIGURATION,14.55,3.0000000000000004,2.9915827413973717,4.85,100.0,4.86364618924218,0,,,,,,,,,,,,,,,,,,,,,,,,,,,,,,,,,,,,,,,,,,,,,,,,,,,,,,,,,,,,0,FIRST_UPWARD_CROSSING,charge_timeseries/cycle-001.csv,,,0.0,7545.42432642039,SOC_UPPER_BOUND_NOT_REACHED,SOC_UPPER_BOUND_NOT_REACHED,False,False,3,charge-efficiency-v1
2,virtual,20-40,20.0,40.0,20.0,40.0,100.0,NEGATIVE_PARTICLE_LITHIUM_DELTA_OVER_FROZEN_Q_REF_V1,4.86364618924218,0,20.0,W10_80_PERCENT_DISCHARGE_WINDOW,14.55,3.0000000000000004,2.9915827413973717,4.85,100.0,4.86364618924218,0,,,,1.032466721573507,0.04302955154439927,0.07932341279057403,0.9727292378484359,,,,,0.05968281520559038,0.0,,,1.6958608017704512e-05,,,0.0001430583596812099,94.21410080568701,99.9947050574766,-0.00010534844821830092,-0.010203568407294236,0.010203568407294236,SOC_UPPER_BOUND_NOT_REACHED,31118.90433699402,31426.758574261483,307.85423726746404,0.10403376908385595,0.9284329524896511,89.92376539504288,,,,,,,,,,,,,,,,,,,,,,,,,,,,,1,FIRST_UPWARD_CROSSING,charge_timeseries/cycle-002.csv,,,31118.90433699402,38718.10140710621,SOC_UPPER_BOUND_NOT_REACHED,SOC_UPPER_BOUND_NOT_REACHED,False,False,3,charge-efficiency-v1
2,virtual,40-60,40.0,60.0,40.0,60.0,100.0,NEGATIVE_PARTICLE_LITHIUM_DELTA_OVER_FROZEN_Q_REF_V1,4.86364618924218,0,20.0,W10_80_PERCENT_DISCHARGE_WINDOW,14.55,3.0000000000000004,2.9915827413973717,4.85,100.0,4.86364618924218,0,,,,0.970202021362053,0.07932341279057403,0.11561727403674879,0.9727292378484358,,,,,-0.0026461157371906116,0.0026461157371906116,,,1.138123756977633e-05,,,0.0002959029198492391,100.26048353134071,99.98774489764091,-0.00018838490661121643,-0.019417080408340677,0.019417080408340677,SOC_UPPER_BOUND_NOT_REACHED,31426.758574261483,31729.15275139654,302.39417713505867,0.0,0.970202021362053,100.0,,,,,,,,,,,,,,,,,,,,,,,,,,,,,1,FIRST_UPWARD_CROSSING,charge_timeseries/cycle-002.csv,,,31118.90433699402,38718.10140710621,SOC_UPPER_BOUND_NOT_REACHED,SOC_UPPER_BOUND_NOT_REACHED,False,False,3,charge-efficiency-v1
2,virtual,60-80,60.0,80.0,60.0,80.0,100.0,NEGATIVE_PARTICLE_LITHIUM_DELTA_OVER_FROZEN_Q_REF_V1,4.86364618924218,0,20.0,W10_80_PERCENT_DISCHARGE_WINDOW,14.55,3.0000000000000004,2.9915827413973717,4.85,100.0,4.86364618924218,0,,,,0.9305437354899819,0.11561727403674879,0.15191113528292358,0.9727292378484366,,,,,-0.04256420994655024,0.04256420994655024,,,3.129598662430209e-05,,,0.0011077276158359874,104.53342500191478,99.95930254821434,-0.0007603160143647703,-0.08170663939448504,0.08170663939448504,SOC_UPPER_BOUND_NOT_REACHED,31729.15275139654,34695.67103970332,2966.5182883067737,0.2243502514654504,0.7061934840245315,75.89041300167179,,,,,,,,,,,,,,,,,,,,,,,,,,,,,1,FIRST_UPWARD_CROSSING,charge_timeseries/cycle-002.csv,,,31118.90433699402,38718.10140710621,SOC_UPPER_BOUND_NOT_REACHED,SOC_UPPER_BOUND_NOT_REACHED,False,False,3,charge-efficiency-v1
2,virtual,80-100,80.0,100.0,80.0,,0.0,NEGATIVE_PARTICLE_LITHIUM_DELTA_OVER_FROZEN_Q_REF_V1,4.86364618924218,0,20.0,W10_80_PERCENT_DISCHARGE_WINDOW,14.55,3.0000000000000004,2.9915827413973717,4.85,100.0,4.86364618924218,0,,,,,,,,,,,,,,,,,,,,,,,,,,,,,,,,,,,,,,,,,,,,,,,,,,,,,,,,,,,,0,FIRST_UPWARD_CROSSING,charge_timeseries/cycle-002.csv,,,31118.90433699402,38718.10140710621,SOC_UPPER_BOUND_NOT_REACHED,SOC_UPPER_BOUND_NOT_REACHED,False,False,3,charge-efficiency-v1
3,virtual,20-40,20.0,40.0,20.0,40.0,100.0,NEGATIVE_PARTICLE_LITHIUM_DELTA_OVER_FROZEN_Q_REF_V1,4.86364618924218,0,20.0,W10_80_PERCENT_DISCHARGE_WINDOW,14.55,3.0000000000000004,2.9915827413973717,4.85,100.0,4.86364618924218,0,,,,1.175978949696296,0.04294055826608413,0.0792344195122589,0.9727292378484362,,,,,0.20320186070964136,0.0,,,2.5360202051612787e-05,,,0.00013141966946015465,82.71655186512052,99.99593095282609,-0.0001089287332933786,-0.009262813192490404,0.009262813192490404,SOC_UPPER_BOUND_NOT_REACHED,62291.59353729285,62658.12266760141,366.5291303085619,0.09742876267558087,1.078550187020715,91.71509296992582,,,,,,,,,,,,,,,,,,,,,,,,,,,,,1,FIRST_UPWARD_CROSSING,charge_timeseries/cycle-003.csv,,,62291.59353729285,69939.8774931181,SOC_UPPER_BOUND_NOT_REACHED,SOC_UPPER_BOUND_NOT_REACHED,False,False,3,charge-efficiency-v1
3,virtual,40-60,40.0,60.0,40.0,60.0,100.0,NEGATIVE_PARTICLE_LITHIUM_DELTA_OVER_FROZEN_Q_REF_V1,4.86364618924218,0,20.0,W10_80_PERCENT_DISCHARGE_WINDOW,14.55,3.0000000000000004,2.9915827413973717,4.85,100.0,4.86364618924218,0,,,,0.9227711948258029,0.0792344195122589,0.11552828075843366,0.9727292378484358,,,,,-0.050095163432417045,0.050095163432417045,,,2.9995995786585513e-05,,,0.00023053374334415164,105.41391444626355,99.98514036734642,-0.00012340932934651327,-0.013373773481281022,0.013373773481281022,SOC_UPPER_BOUND_NOT_REACHED,62658.12266760141,62999.353845959515,341.23117835810183,0.0,0.9227711948258029,100.0,,,,,,,,,,,,,,,,,,,,,,,,,,,,,1,FIRST_UPWARD_CROSSING,charge_timeseries/cycle-003.csv,,,62291.59353729285,69939.8774931181,SOC_UPPER_BOUND_NOT_REACHED,SOC_UPPER_BOUND_NOT_REACHED,False,False,3,charge-efficiency-v1
3,virtual,60-80,60.0,80.0,60.0,80.0,100.0,NEGATIVE_PARTICLE_LITHIUM_DELTA_OVER_FROZEN_Q_REF_V1,4.86364618924218,0,20.0,W10_80_PERCENT_DISCHARGE_WINDOW,14.55,3.0000000000000004,2.9915827413973717,4.85,100.0,4.86364618924218,0,,,,0.8343134359531335,0.11552828075843366,0.15182214200460845,0.9727292378484366,,,,,-0.13870598720158078,0.13870598720158078,,,4.6679083705615184e-05,,,0.0007700487709045231,116.59038389297598,99.96521867037343,-0.0005265425483323982,-0.0631108796337275,0.0631108796337275,SOC_UPPER_BOUND_NOT_REACHED,62999.353845959515,65907.34799285901,2907.9941468995003,0.22455292869332016,0.6097605072598132,73.08530355419876,,,,,,,,,,,,,,,,,,,,,,,,,,,,,1,FIRST_UPWARD_CROSSING,charge_timeseries/cycle-003.csv,,,62291.59353729285,69939.8774931181,SOC_UPPER_BOUND_NOT_REACHED,SOC_UPPER_BOUND_NOT_REACHED,False,False,3,charge-efficiency-v1
3,virtual,80-100,80.0,100.0,80.0,,0.0,NEGATIVE_PARTICLE_LITHIUM_DELTA_OVER_FROZEN_Q_REF_V1,4.86364618924218,0,20.0,W10_80_PERCENT_DISCHARGE_WINDOW,14.55,3.0000000000000004,2.9915827413973717,4.85,100.0,4.86364618924218,0,,,,,,,,,,,,,,,,,,,,,,,,,,,,,,,,,,,,,,,,,,,,,,,,,,,,,,,,,,,,0,FIRST_UPWARD_CROSSING,charge_timeseries/cycle-003.csv,,,62291.59353729285,69939.8774931181,SOC_UPPER_BOUND_NOT_REACHED,SOC_UPPER_BOUND_NOT_REACHED,False,False,3,charge-efficiency-v1
4,virtual,20-40,20.0,40.0,20.0,40.0,100.0,NEGATIVE_PARTICLE_LITHIUM_DELTA_OVER_FROZEN_Q_REF_V1,4.86364618924218,0,20.0,W10_80_PERCENT_DISCHARGE_WINDOW,14.55,3.0000000000000004,2.9915827413973717,4.85,100.0,4.86364618924218,0,,,,1.1868089192952598,0.042865254820460406,0.07915911606663517,0.9727292378484359,,,,,0.2140526768532734,0.0,,,2.3752817494460295e-05,,,0.00011291835521437185,81.96173975723515,99.99772460476902,-0.00010966657915845168,-0.009240457952032658,0.009240457952032658,SOC_UPPER_BOUND_NOT_REACHED,93513.37973445524,93892.8090446416,379.4293101863569,0.09261224390710017,1.0941966753881596,92.1965328705067,,,,,,,,,,,,,,,,,,,,,,,,,,,,,1,FIRST_UPWARD_CROSSING,charge_timeseries/cycle-004.csv,,,93513.37973445524,101208.36621299759,SOC_UPPER_BOUND_NOT_REACHED,SOC_UPPER_BOUND_NOT_REACHED,False,False,3,charge-efficiency-v1
4,virtual,40-60,40.0,60.0,40.0,60.0,100.0,NEGATIVE_PARTICLE_LITHIUM_DELTA_OVER_FROZEN_Q_REF_V1,4.86364618924218,0,20.0,W10_80_PERCENT_DISCHARGE_WINDOW,14.55,3.0000000000000004,2.9915827413973717,4.85,100.0,4.86364618924218,0,,,,0.9177041826033504,0.07915911606663517,0.11545297731280994,0.9727292378484362,,,,,-0.05512506301835374,0.05512506301835374,,,2.7430308967799858e-05,,,0.00019377093754753202,105.99594687353286,99.98910239539454,-0.00012119347324746066,-0.01320615897201842,0.01320615897201842,SOC_UPPER_BOUND_NOT_REACHED,93892.8090446416,94242.93857088157,350.1295262399622,0.0,0.9177041826033504,100.0,,,,,,,,,,,,,,,,,,,,,,,,,,,,,1,FIRST_UPWARD_CROSSING,charge_timeseries/cycle-004.csv,,,93513.37973445524,101208.36621299759,SOC_UPPER_BOUND_NOT_REACHED,SOC_UPPER_BOUND_NOT_REACHED,False,False,3,charge-efficiency-v1
4,virtual,60-80,60.0,80.0,60.0,80.0,100.0,NEGATIVE_PARTICLE_LITHIUM_DELTA_OVER_FROZEN_Q_REF_V1,4.86364618924218,0,20.0,W10_80_PERCENT_DISCHARGE_WINDOW,14.55,3.0000000000000004,2.9915827413973717,4.85,100.0,4.86364618924218,0,,,,0.8282615285674112,0.11545297731280994,0.15174683855898471,0.9727292378484362,,,,,-0.1447157754681142,0.1447157754681142,,,4.0960117607787266e-05,,,0.0006389613293841384,117.44228173085635,99.9700497755198,-0.000431855259902747,-0.0521399636476776,0.0521399636476776,SOC_UPPER_BOUND_NOT_REACHED,94242.93857088157,97167.77301811043,2924.8344472288704,0.22440483655731694,0.6038566920100943,72.90652422967719,,,,,,,,,,,,,,,,,,,,,,,,,,,,,1,FIRST_UPWARD_CROSSING,charge_timeseries/cycle-004.csv,,,93513.37973445524,101208.36621299759,SOC_UPPER_BOUND_NOT_REACHED,SOC_UPPER_BOUND_NOT_REACHED,False,False,3,charge-efficiency-v1
4,virtual,80-100,80.0,100.0,80.0,,0.0,NEGATIVE_PARTICLE_LITHIUM_DELTA_OVER_FROZEN_Q_REF_V1,4.86364618924218,0,20.0,W10_80_PERCENT_DISCHARGE_WINDOW,14.55,3.0000000000000004,2.9915827413973717,4.85,100.0,4.86364618924218,0,,,,,,,,,,,,,,,,,,,,,,,,,,,,,,,,,,,,,,,,,,,,,,,,,,,,,,,,,,,,0,FIRST_UPWARD_CROSSING,charge_timeseries/cycle-004.csv,,,93513.37973445524,101208.36621299759,SOC_UPPER_BOUND_NOT_REACHED,SOC_UPPER_BOUND_NOT_REACHED,False,False,3,charge-efficiency-v1
5,virtual,20-40,20.0,40.0,20.0,40.0,100.0,NEGATIVE_PARTICLE_LITHIUM_DELTA_OVER_FROZEN_Q_REF_V1,4.86364618924218,0,20.0,W10_80_PERCENT_DISCHARGE_WINDOW,14.55,3.0000000000000004,2.9915827413973717,4.85,100.0,4.86364618924218,0,,,,1.1977531973679652,0.042798879849237734,0.0790927410954125,0.9727292378484362,,,,,0.22499595938979447,0.0,,,2.304070760545914e-05,,,0.00010208656550726725,81.21282748282252,99.99766227885712,-9.712714337828388e-05,-0.00810911159258172,0.00810911159258172,SOC_UPPER_BOUND_NOT_REACHED,124781.87462995223,125174.00026461967,392.12563466743774,0.08870634828761725,1.1090468490803478,92.59393767576263,,,,,,,,,,,,,,,,,,,,,,,,,,,,,1,FIRST_UPWARD_CROSSING,charge_timeseries/cycle-005.csv,,,124781.87462995223,132524.39568975082,SOC_UPPER_BOUND_NOT_REACHED,SOC_UPPER_BOUND_NOT_REACHED,False,False,3,charge-efficiency-v1
5,virtual,40-60,40.0,60.0,40.0,60.0,100.0,NEGATIVE_PARTICLE_LITHIUM_DELTA_OVER_FROZEN_Q_REF_V1,4.86364618924218,0,20.0,W10_80_PERCENT_DISCHARGE_WINDOW,14.55,3.0000000000000004,2.9915827413973717,4.85,100.0,4.86364618924218,0,,,,0.9125648762356556,0.0790927410954125,0.11538660234158728,0.9727292378484362,,,,,-0.06028915442895827,0.06028915442895827,,,2.5983763226083284e-05,,,0.00017128677347598084,106.59288596126552,99.98632504719089,-7.247772052432211e-05,-0.007942199224595827,0.007942199224595827,SOC_UPPER_BOUND_NOT_REACHED,125174.00026461967,125532.56820164128,358.5679370216083,0.0,0.9125648762356556,100.0,,,,,,,,,,,,,,,,,,,,,,,,,,,,,1,FIRST_UPWARD_CROSSING,charge_timeseries/cycle-005.csv,,,124781.87462995223,132524.39568975082,SOC_UPPER_BOUND_NOT_REACHED,SOC_UPPER_BOUND_NOT_REACHED,False,False,3,charge-efficiency-v1
5,virtual,60-80,60.0,80.0,60.0,80.0,100.0,NEGATIVE_PARTICLE_LITHIUM_DELTA_OVER_FROZEN_Q_REF_V1,4.86364618924218,0,20.0,W10_80_PERCENT_DISCHARGE_WINDOW,14.55,3.0000000000000004,2.9915827413973717,4.85,100.0,4.86364618924218,0,,,,0.8222890558649517,0.11538660234158728,0.15168046358776205,0.9727292378484362,,,,,-0.15066033241288437,0.15066033241288437,,,3.7299445910906584e-05,,,0.0005572956725154107,118.29529177245819,99.97322712398643,-0.0003744446890264763,-0.04553686886086601,0.04553686886086601,SOC_UPPER_BOUND_NOT_REACHED,125532.56820164128,128477.25587029225,2944.6876686509786,0.224183447581343,0.5981056082836087,72.73666164199057,,,,,,,,,,,,,,,,,,,,,,,,,,,,,1,FIRST_UPWARD_CROSSING,charge_timeseries/cycle-005.csv,,,124781.87462995223,132524.39568975082,SOC_UPPER_BOUND_NOT_REACHED,SOC_UPPER_BOUND_NOT_REACHED,False,False,3,charge-efficiency-v1
5,virtual,80-100,80.0,100.0,80.0,,0.0,NEGATIVE_PARTICLE_LITHIUM_DELTA_OVER_FROZEN_Q_REF_V1,4.86364618924218,0,20.0,W10_80_PERCENT_DISCHARGE_WINDOW,14.55,3.0000000000000004,2.9915827413973717,4.85,100.0,4.86364618924218,0,,,,,,,,,,,,,,,,,,,,,,,,,,,,,,,,,,,,,,,,,,,,,,,,,,,,,,,,,,,,0,FIRST_UPWARD_CROSSING,charge_timeseries/cycle-005.csv,,,124781.87462995223,132524.39568975082,SOC_UPPER_BOUND_NOT_REACHED,SOC_UPPER_BOUND_NOT_REACHED,False,False,3,charge-efficiency-v1
6,virtual,20-40,20.0,40.0,20.0,40.0,100.0,NEGATIVE_PARTICLE_LITHIUM_DELTA_OVER_FROZEN_Q_REF_V1,4.86364618924218,0,20.0,W10_80_PERCENT_DISCHARGE_WINDOW,14.55,3.0000000000000004,2.9915827413973717,4.85,100.0,4.86364618924218,0,,,,1.2087657666882665,0.042738561963654303,0.07903242320982908,0.9727292378484362,,,,,0.2360089828262519,0.0,,,2.284152094145166e-05,,,9.497501018519011e-05,80.47293070794727,99.99772114545783,-9.027051754828541e-05,-0.007467990907420001,0.007467990907420001,SOC_UPPER_BOUND_NOT_REACHED,156097.91206756563,156502.90073924148,404.98867167585786,0.08537882219626122,1.1233869444920053,92.9366942256994,,,,,,,,,,,,,,,,,,,,,,,,,,,,,1,FIRST_UPWARD_CROSSING,charge_timeseries/cycle-006.csv,,,156097.91206756563,163889.12154424656,SOC_UPPER_BOUND_NOT_REACHED,SOC_UPPER_BOUND_NOT_REACHED;NON_MONOTONIC_SOC,False,False,3,charge-efficiency-v1
6,virtual,40-60,40.0,60.0,40.0,60.0,100.0,NEGATIVE_PARTICLE_LITHIUM_DELTA_OVER_FROZEN_Q_REF_V1,4.86364618924218,0,20.0,W10_80_PERCENT_DISCHARGE_WINDOW,14.55,3.0000000000000004,2.9915827413973717,4.85,100.0,4.86364618924218,0,,,,0.9072342911598902,0.07903242320982908,0.11532628445600383,0.9727292378484358,,,,,-0.06559019489902018,0.06559019489902018,,,2.5127011963128085e-05,,,0.00015573255360024768,107.21918773647886,99.98950125547472,-8.561135508877715e-05,-0.009436521075424064,0.009436521075424064,SOC_UPPER_BOUND_NOT_REACHED,156502.90073924148,156869.65677192758,366.75603268607927,0.0,0.9072342911598902,100.0,,,,,,,,,,,,,,,,,,,,,,,,,,,,,1,FIRST_UPWARD_CROSSING,charge_timeseries/cycle-006.csv,,,156097.91206756563,163889.12154424656,SOC_UPPER_BOUND_NOT_REACHED,SOC_UPPER_BOUND_NOT_REACHED;NON_MONOTONIC_SOC,False,False,3,charge-efficiency-v1
6,virtual,60-80,60.0,80.0,60.0,80.0,100.0,NEGATIVE_PARTICLE_LITHIUM_DELTA_OVER_FROZEN_Q_REF_V1,4.86364618924218,0,20.0,W10_80_PERCENT_DISCHARGE_WINDOW,14.55,3.0000000000000004,2.9915827413973717,4.85,100.0,4.86364618924218,0,,,,0.8164075609929945,0.11532628445600383,0.1516201457021786,0.9727292378484362,,,,,-0.1565227613958366,0.1565227613958366,,,3.4731620221041494e-05,,,0.0005002403128758701,119.14750479102717,99.97536958867084,-0.00033388739270201473,-0.040897146064633245,0.040897146064633245,SOC_UPPER_BOUND_NOT_REACHED,156869.65677192758,159836.60603454104,2966.9492626134547,0.22391103583325153,0.5924965251597429,72.57362051364282,,,,,,,,,,,,,,,,,,,,,,,,,,,,,1,FIRST_UPWARD_CROSSING,charge_timeseries/cycle-006.csv,,,156097.91206756563,163889.12154424656,SOC_UPPER_BOUND_NOT_REACHED,SOC_UPPER_BOUND_NOT_REACHED;NON_MONOTONIC_SOC,False,False,3,charge-efficiency-v1
6,virtual,80-100,80.0,100.0,80.0,,0.0,NEGATIVE_PARTICLE_LITHIUM_DELTA_OVER_FROZEN_Q_REF_V1,4.86364618924218,0,20.0,W10_80_PERCENT_DISCHARGE_WINDOW,14.55,3.0000000000000004,2.9915827413973717,4.85,100.0,4.86364618924218,0,,,,,,,,,,,,,,,,,,,,,,,,,,,,,,,,,,,,,,,,,,,,,,,,,,,,,,,,,,,,0,FIRST_UPWARD_CROSSING,charge_timeseries/cycle-006.csv,,,156097.91206756563,163889.12154424656,SOC_UPPER_BOUND_NOT_REACHED,SOC_UPPER_BOUND_NOT_REACHED;NON_MONOTONIC_SOC,False,False,3,charge-efficiency-v1
7,virtual,20-40,20.0,40.0,20.0,40.0,100.0,NEGATIVE_PARTICLE_LITHIUM_DELTA_OVER_FROZEN_Q_REF_V1,4.86364618924218,0,20.0,W10_80_PERCENT_DISCHARGE_WINDOW,14.55,3.0000000000000004,2.9915827413973717,4.85,100.0,4.86364618924218,0,,,,1.2166254414415818,0.04268264826509865,0.07897650951127341,0.9727292378484359,,,,,0.24386786868350854,0.0,,,2.2475282781785934e-05,,,8.950341126922473e-05,79.9530574254511,99.99767102440306,-8.364378441361175e-05,-0.006875064548584655,0.006875064548584655,SOC_UPPER_BOUND_NOT_REACHED,187462.64220331202,187878.81186831873,416.1696650067183,0.08245909768110214,1.1341663437604796,93.22231026309986,,,,,,,,,,,,,,,,,,,,,,,,,,,,,1,FIRST_UPWARD_CROSSING,charge_timeseries/cycle-007.csv,,,187462.64220331202,195303.04576142816,SOC_UPPER_BOUND_NOT_REACHED,SOC_UPPER_BOUND_NOT_REACHED;NON_MONOTONIC_SOC,False,False,3,charge-efficiency-v1
7,virtual,40-60,40.0,60.0,40.0,60.0,100.0,NEGATIVE_PARTICLE_LITHIUM_DELTA_OVER_FROZEN_Q_REF_V1,4.86364618924218,0,20.0,W10_80_PERCENT_DISCHARGE_WINDOW,14.55,3.0000000000000004,2.9915827413973717,4.85,100.0,4.86364618924218,0,,,,0.9031454312451638,0.07897650951127341,0.11527037075744818,0.9727292378484362,,,,,-0.06966783800968193,0.06966783800968193,,,2.4288101622858154e-05,,,0.0001440094697236008,107.70460705396445,99.99069569490115,-8.426616493695249e-05,-0.009330298534619723,0.009330298534619723,SOC_UPPER_BOUND_NOT_REACHED,187878.81186831873,188252.90551236476,374.09364404602076,0.0,0.9031454312451638,100.0,,,,,,,,,,,,,,,,,,,,,,,,,,,,,1,FIRST_UPWARD_CROSSING,charge_timeseries/cycle-007.csv,,,187462.64220331202,195303.04576142816,SOC_UPPER_BOUND_NOT_REACHED,SOC_UPPER_BOUND_NOT_REACHED;NON_MONOTONIC_SOC,False,False,3,charge-efficiency-v1
7,virtual,60-80,60.0,80.0,60.0,80.0,100.0,NEGATIVE_PARTICLE_LITHIUM_DELTA_OVER_FROZEN_Q_REF_V1,4.86364618924218,0,20.0,W10_80_PERCENT_DISCHARGE_WINDOW,14.55,3.0000000000000004,2.9915827413973717,4.85,100.0,4.86364618924218,0,,,,0.8124749782929961,0.11527037075744818,0.15156423200362296,0.9727292378484362,,,,,-0.1604470520370228,0.1604470520370228,,,3.256907074342726e-05,,,0.0004581532105576505,119.72420860173851,99.9762709638163,-0.0002979297997184327,-0.03666941231154971,0.03666941231154971,SOC_UPPER_BOUND_NOT_REACHED,188252.90551236476,191246.03310209324,2993.1275897284895,0.22359808821075744,0.5888768900822386,72.47938777381977,,,,,,,,,,,,,,,,,,,,,,,,,,,,,1,FIRST_UPWARD_CROSSING,charge_timeseries/cycle-007.csv,,,187462.64220331202,195303.04576142816,SOC_UPPER_BOUND_NOT_REACHED,SOC_UPPER_BOUND_NOT_REACHED;NON_MONOTONIC_SOC,False,False,3,charge-efficiency-v1
7,virtual,80-100,80.0,100.0,80.0,,0.0,NEGATIVE_PARTICLE_LITHIUM_DELTA_OVER_FROZEN_Q_REF_V1,4.86364618924218,0,20.0,W10_80_PERCENT_DISCHARGE_WINDOW,14.55,3.0000000000000004,2.9915827413973717,4.85,100.0,4.86364618924218,0,,,,,,,,,,,,,,,,,,,,,,,,,,,,,,,,,,,,,,,,,,,,,,,,,,,,,,,,,,,,0,FIRST_UPWARD_CROSSING,charge_timeseries/cycle-007.csv,,,187462.64220331202,195303.04576142816,SOC_UPPER_BOUND_NOT_REACHED,SOC_UPPER_BOUND_NOT_REACHED;NON_MONOTONIC_SOC,False,False,3,charge-efficiency-v1
8,virtual,20-40,20.0,40.0,20.0,40.0,100.0,NEGATIVE_PARTICLE_LITHIUM_DELTA_OVER_FROZEN_Q_REF_V1,4.86364618924218,0,20.0,W10_80_PERCENT_DISCHARGE_WINDOW,14.55,3.0000000000000004,2.9915827413973717,4.85,100.0,4.86364618924218,0,,,,1.2261281562011155,0.042630200027520986,0.07892406127369575,0.9727292378484359,,,,,0.25337475980116325,0.0,,,2.2562673400041517e-05,,,8.569103810034812e-05,79.33340678369383,99.9980296878924,-8.409515998408779e-05,-0.0068585946386418425,0.0068585946386418425,SOC_UPPER_BOUND_NOT_REACHED,218876.57053891825,219305.0976386785,428.5270997602585,0.07984612561081811,1.1462820305902974,93.48794616557836,,,,,,,,,,,,,,,,,,,,,,,,,,,,,1,FIRST_UPWARD_CROSSING,charge_timeseries/cycle-008.csv,,,218876.57053891825,226767.6201714048,SOC_UPPER_BOUND_NOT_REACHED,SOC_UPPER_BOUND_NOT_REACHED;NON_MONOTONIC_SOC,False,False,3,charge-efficiency-v1
8,virtual,40-60,40.0,60.0,40.0,60.0,100.0,NEGATIVE_PARTICLE_LITHIUM_DELTA_OVER_FROZEN_Q_REF_V1,4.86364618924218,0,20.0,W10_80_PERCENT_DISCHARGE_WINDOW,14.55,3.0000000000000004,2.9915827413973717,4.85,100.0,4.86364618924218,0,,,,0.8983038116510561,0.07892406127369575,0.11521792251987051,0.9727292378484358,,,,,-0.07453628890410263,0.07453628890410263,,,2.3876421252247643e-05,,,0.00013493909222294515,108.28510635623242,99.98765866232728,-4.795280675229385e-05,-0.005338150203788849,0.005338150203788849,SOC_UPPER_BOUND_NOT_REACHED,219305.0976386785,219686.87126001625,381.77362133775097,0.0,0.8983038116510561,100.0,,,,,,,,,,,,,,,,,,,,,,,,,,,,,1,FIRST_UPWARD_CROSSING,charge_timeseries/cycle-008.csv,,,218876.57053891825,226767.6201714048,SOC_UPPER_BOUND_NOT_REACHED,SOC_UPPER_BOUND_NOT_REACHED;NON_MONOTONIC_SOC,False,False,3,charge-efficiency-v1
8,virtual,60-80,60.0,80.0,60.0,80.0,100.0,NEGATIVE_PARTICLE_LITHIUM_DELTA_OVER_FROZEN_Q_REF_V1,4.86364618924218,0,20.0,W10_80_PERCENT_DISCHARGE_WINDOW,14.55,3.0000000000000004,2.9915827413973717,4.85,100.0,4.86364618924218,0,,,,0.8076837579495071,0.11521792251987051,0.1515117837660453,0.9727292378484366,,,,,-0.16521880573778586,0.16521880573778586,,,3.099116725849651e-05,,,0.00042491896392998774,120.4344185796104,99.97854038326878,-0.0002825842923321886,-0.034986997020912555,0.034986997020912555,SOC_UPPER_BOUND_NOT_REACHED,219686.87126001625,222706.9227878938,3020.0515278775356,0.223261076748913,0.5844226812005942,72.35785979951943,,,,,,,,,,,,,,,,,,,,,,,,,,,,,1,FIRST_UPWARD_CROSSING,charge_timeseries/cycle-008.csv,,,218876.57053891825,226767.6201714048,SOC_UPPER_BOUND_NOT_REACHED,SOC_UPPER_BOUND_NOT_REACHED;NON_MONOTONIC_SOC,False,False,3,charge-efficiency-v1
8,virtual,80-100,80.0,100.0,80.0,,0.0,NEGATIVE_PARTICLE_LITHIUM_DELTA_OVER_FROZEN_Q_REF_V1,4.86364618924218,0,20.0,W10_80_PERCENT_DISCHARGE_WINDOW,14.55,3.0000000000000004,2.9915827413973717,4.85,100.0,4.86364618924218,0,,,,,,,,,,,,,,,,,,,,,,,,,,,,,,,,,,,,,,,,,,,,,,,,,,,,,,,,,,,,0,FIRST_UPWARD_CROSSING,charge_timeseries/cycle-008.csv,,,218876.57053891825,226767.6201714048,SOC_UPPER_BOUND_NOT_REACHED,SOC_UPPER_BOUND_NOT_REACHED;NON_MONOTONIC_SOC,False,False,3,charge-efficiency-v1
9,virtual,20-40,20.0,40.0,20.0,40.0,100.0,NEGATIVE_PARTICLE_LITHIUM_DELTA_OVER_FROZEN_Q_REF_V1,4.86364618924218,0,20.0,W10_80_PERCENT_DISCHARGE_WINDOW,14.55,3.0000000000000004,2.9915827413973717,4.85,100.0,4.86364618924218,0,,,,1.235726289424967,0.042580509210365394,0.07887437045654017,0.9727292378484362,,,,,0.2629699331293808,0.0,,,2.2805166493714306e-05,,,8.284474943663633e-05,78.71720834725352,99.99780546490094,-7.853146878034067e-05,-0.006355086029357239,0.006355086029357239,SOC_UPPER_BOUND_NOT_REACHED,250341.14956242876,250782.40929534702,441.2597329182508,0.0774737180402369,1.15825257138473,93.73051146493869,,,,,,,,,,,,,,,,,,,,,,,,,,,,,1,FIRST_UPWARD_CROSSING,charge_timeseries/cycle-009.csv,,,250341.14956242876,258284.15108180183,SOC_UPPER_BOUND_NOT_REACHED,SOC_UPPER_BOUND_NOT_REACHED;NON_MONOTONIC_SOC,False,False,3,charge-efficiency-v1
9,virtual,40-60,40.0,60.0,40.0,60.0,100.0,NEGATIVE_PARTICLE_LITHIUM_DELTA_OVER_FROZEN_Q_REF_V1,4.86364618924218,0,20.0,W10_80_PERCENT_DISCHARGE_WINDOW,14.55,3.0000000000000004,2.9915827413973717,4.85,100.0,4.86364618924218,0,,,,0.8932744909676077,0.07887437045654017,0.11516823170271494,0.9727292378484362,,,,,-0.07954784345464261,0.07954784345464261,,,2.36442525238243e-05,,,0.00012761512052766183,108.89477396749146,99.98957805526125,-5.816279923731571e-05,-0.006511189989799545,0.006511189989799545,SOC_UPPER_BOUND_NOT_REACHED,250782.40929534702,251171.90019765755,389.4909023105358,0.0,0.8932744909676077,100.0,,,,,,,,,,,,,,,,,,,,,,,,,,,,,1,FIRST_UPWARD_CROSSING,charge_timeseries/cycle-009.csv,,,250341.14956242876,258284.15108180183,SOC_UPPER_BOUND_NOT_REACHED,SOC_UPPER_BOUND_NOT_REACHED;NON_MONOTONIC_SOC,False,False,3,charge-efficiency-v1
9,virtual,60-80,60.0,80.0,60.0,80.0,100.0,NEGATIVE_PARTICLE_LITHIUM_DELTA_OVER_FROZEN_Q_REF_V1,4.86364618924218,0,20.0,W10_80_PERCENT_DISCHARGE_WINDOW,14.55,3.0000000000000004,2.9915827413973717,4.85,100.0,4.86364618924218,0,,,,0.8029633085594582,0.11516823170271494,0.1514620929488897,0.9727292378484362,,,,,-0.16992916928271937,0.16992916928271937,,,2.9725689238101465e-05,,,0.0003979819081483746,121.14242674345152,99.97967030473234,-0.00026446760364506883,-0.032936449377684786,0.032936449377684786,SOC_UPPER_BOUND_NOT_REACHED,251171.90019765755,254220.1448246503,3048.24462699277,0.22290853026323457,0.5800547782962236,72.2392632531193,,,,,,,,,,,,,,,,,,,,,,,,,,,,,1,FIRST_UPWARD_CROSSING,charge_timeseries/cycle-009.csv,,,250341.14956242876,258284.15108180183,SOC_UPPER_BOUND_NOT_REACHED,SOC_UPPER_BOUND_NOT_REACHED;NON_MONOTONIC_SOC,False,False,3,charge-efficiency-v1
9,virtual,80-100,80.0,100.0,80.0,,0.0,NEGATIVE_PARTICLE_LITHIUM_DELTA_OVER_FROZEN_Q_REF_V1,4.86364618924218,0,20.0,W10_80_PERCENT_DISCHARGE_WINDOW,14.55,3.0000000000000004,2.9915827413973717,4.85,100.0,4.86364618924218,0,,,,,,,,,,,,,,,,,,,,,,,,,,,,,,,,,,,,,,,,,,,,,,,,,,,,,,,,,,,,0,FIRST_UPWARD_CROSSING,charge_timeseries/cycle-009.csv,,,250341.14956242876,258284.15108180183,SOC_UPPER_BOUND_NOT_REACHED,SOC_UPPER_BOUND_NOT_REACHED;NON_MONOTONIC_SOC,False,False,3,charge-efficiency-v1
10,virtual,20-40,20.0,40.0,20.0,40.0,100.0,NEGATIVE_PARTICLE_LITHIUM_DELTA_OVER_FROZEN_Q_REF_V1,4.86364618924218,0,20.0,W10_80_PERCENT_DISCHARGE_WINDOW,14.55,3.0000000000000004,2.9915827413973717,4.85,100.0,4.86364618924218,0,,,,1.2449704937695047,0.042533279817624,0.07882714106379876,0.9727292378484358,,,,,0.2722183870498564,0.0,,,2.314779809464815e-05,,,8.065049121712409e-05,78.13271420619934,99.99816309934035,-8.092941809945131e-05,-0.006500508928080241,0.006500508928080241,SOC_UPPER_BOUND_NOT_REACHED,281857.6846445521,282311.9509349065,454.2662903543858,0.07529625175370691,1.169674242015798,93.95196495575362,,,,,,,,,,,,,,,,,,,,,,,,,,,,,1,FIRST_UPWARD_CROSSING,charge_timeseries/cycle-010.csv,,,281857.6846445521,289854.6923489763,SOC_UPPER_BOUND_NOT_REACHED,SOC_UPPER_BOUND_NOT_REACHED;NON_MONOTONIC_SOC,False,False,3,charge-efficiency-v1
10,virtual,40-60,40.0,60.0,40.0,60.0,100.0,NEGATIVE_PARTICLE_LITHIUM_DELTA_OVER_FROZEN_Q_REF_V1,4.86364618924218,0,20.0,W10_80_PERCENT_DISCHARGE_WINDOW,14.55,3.0000000000000004,2.9915827413973717,4.85,100.0,4.86364618924218,0,,,,0.8883016822934721,0.07882714106379876,0.11512100230997353,0.9727292378484362,,,,,-0.08452037066817195,0.08452037066817195,,,2.3507344557429982e-05,,,0.00012152525455676189,109.50437866299926,99.98955139733968,-5.221748590644726e-05,-0.005878350446396649,0.005878350446396649,SOC_UPPER_BOUND_NOT_REACHED,282311.9509349065,282709.178144683,397.22720977651113,0.0,0.8883016822934721,100.0,,,,,,,,,,,,,,,,,,,,,,,,,,,,,1,FIRST_UPWARD_CROSSING,charge_timeseries/cycle-010.csv,,,281857.6846445521,289854.6923489763,SOC_UPPER_BOUND_NOT_REACHED,SOC_UPPER_BOUND_NOT_REACHED;NON_MONOTONIC_SOC,False,False,3,charge-efficiency-v1
10,virtual,60-80,60.0,80.0,60.0,80.0,100.0,NEGATIVE_PARTICLE_LITHIUM_DELTA_OVER_FROZEN_Q_REF_V1,4.86364618924218,0,20.0,W10_80_PERCENT_DISCHARGE_WINDOW,14.55,3.0000000000000004,2.9915827413973717,4.85,100.0,4.86364618924218,0,,,,0.798557672971327,0.11512100230997353,0.1514148635561483,0.9727292378484362,,,,,-0.17432648392906974,0.17432648392906974,,,2.865880676519543e-05,,,0.00037562677474691636,121.8107684356773,99.98060014233111,-0.0002493665295516534,-0.031227115835452898,0.031227115835452898,SOC_UPPER_BOUND_NOT_REACHED,282709.178144683,285786.8584581317,3077.6803134486863,0.22255406033704891,0.576003612634278,72.13049628476364,,,,,,,,,,,,,,,,,,,,,,,,,,,,,1,FIRST_UPWARD_CROSSING,charge_timeseries/cycle-010.csv,,,281857.6846445521,289854.6923489763,SOC_UPPER_BOUND_NOT_REACHED,SOC_UPPER_BOUND_NOT_REACHED;NON_MONOTONIC_SOC,False,False,3,charge-efficiency-v1
10,virtual,80-100,80.0,100.0,80.0,,0.0,NEGATIVE_PARTICLE_LITHIUM_DELTA_OVER_FROZEN_Q_REF_V1,4.86364618924218,0,20.0,W10_80_PERCENT_DISCHARGE_WINDOW,14.55,3.0000000000000004,2.9915827413973717,4.85,100.0,4.86364618924218,0,,,,,,,,,,,,,,,,,,,,,,,,,,,,,,,,,,,,,,,,,,,,,,,,,,,,,,,,,,,,0,FIRST_UPWARD_CROSSING,charge_timeseries/cycle-010.csv,,,281857.6846445521,289854.6923489763,SOC_UPPER_BOUND_NOT_REACHED,SOC_UPPER_BOUND_NOT_REACHED;NON_MONOTONIC_SOC,False,False,3,charge-efficiency-v1
11,virtual,20-40,20.0,40.0,20.0,40.0,100.0,NEGATIVE_PARTICLE_LITHIUM_DELTA_OVER_FROZEN_Q_REF_V1,4.86364618924218,0,20.0,W10_80_PERCENT_DISCHARGE_WINDOW,14.55,3.0000000000000004,2.9915827413973717,4.85,100.0,4.86364618924218,0,,,,1.256104559903577,0.042488571321806445,0.07878243256798122,0.9727292378484362,,,,,0.28334832463163917,0.0,,,2.3826608004193445e-05,,,7.926679076829951e-05,77.44014860698431,99.99785070253199,-7.60959752708068e-05,-0.0060580924311466715,0.0060580924311466715,SOC_UPPER_BOUND_NOT_REACHED,313428.2287789316,313897.3996519867,469.170873055122,0.07328069020526472,1.1828238696983122,94.16603581067407,,,,,,,,,,,,,,,,,,,,,,,,,,,,,1,FIRST_UPWARD_CROSSING,charge_timeseries/cycle-011.csv,,,313428.2287789316,321483.2688339277,SOC_UPPER_BOUND_NOT_REACHED,SOC_UPPER_BOUND_NOT_REACHED;NON_MONOTONIC_SOC,False,False,3,charge-efficiency-v1
11,virtual,40-60,40.0,60.0,40.0,60.0,100.0,NEGATIVE_PARTICLE_LITHIUM_DELTA_OVER_FROZEN_Q_REF_V1,4.86364618924218,0,20.0,W10_80_PERCENT_DISCHARGE_WINDOW,14.55,3.0000000000000004,2.9915827413973717,4.85,100.0,4.86364618924218,0,,,,0.8823029611592264,0.07878243256798122,0.11507629381415599,0.9727292378484362,,,,,-0.09050875115944113,0.09050875115944113,,,2.3646970112158354e-05,,,0.00011642354501594648,110.24889189654334,99.9906523638861,-5.75960448968571e-05,-0.006527921522691447,0.006527921522691447,SOC_UPPER_BOUND_NOT_REACHED,313897.3996519867,314303.12891379587,405.7292618091519,0.0,0.8823029611592264,100.0,,,,,,,,,,,,,,,,,,,,,,,,,,,,,1,FIRST_UPWARD_CROSSING,charge_timeseries/cycle-011.csv,,,313428.2287789316,321483.2688339277,SOC_UPPER_BOUND_NOT_REACHED,SOC_UPPER_BOUND_NOT_REACHED;NON_MONOTONIC_SOC,False,False,3,charge-efficiency-v1
11,virtual,60-80,60.0,80.0,60.0,80.0,100.0,NEGATIVE_PARTICLE_LITHIUM_DELTA_OVER_FROZEN_Q_REF_V1,4.86364618924218,0,20.0,W10_80_PERCENT_DISCHARGE_WINDOW,14.55,3.0000000000000004,2.9915827413973717,4.85,100.0,4.86364618924218,0,,,,0.7932942856585898,0.11507629381415599,0.15137015506033075,0.9727292378484358,,,,,-0.1795828676238163,0.1795828676238163,,,2.7865882745316045e-05,,,0.0003563555055961301,122.61896441632373,99.98135427966085,-0.00023630595437107438,-0.02978793099144715,0.02978793099144715,SOC_UPPER_BOUND_NOT_REACHED,314303.12891379587,317410.5348117533,3107.4058979574475,0.22221538090242876,0.5710789047561611,71.98827913931758,,,,,,,,,,,,,,,,,,,,,,,,,,,,,1,FIRST_UPWARD_CROSSING,charge_timeseries/cycle-011.csv,,,313428.2287789316,321483.2688339277,SOC_UPPER_BOUND_NOT_REACHED,SOC_UPPER_BOUND_NOT_REACHED;NON_MONOTONIC_SOC,False,False,3,charge-efficiency-v1
11,virtual,80-100,80.0,100.0,80.0,,0.0,NEGATIVE_PARTICLE_LITHIUM_DELTA_OVER_FROZEN_Q_REF_V1,4.86364618924218,0,20.0,W10_80_PERCENT_DISCHARGE_WINDOW,14.55,3.0000000000000004,2.9915827413973717,4.85,100.0,4.86364618924218,0,,,,,,,,,,,,,,,,,,,,,,,,,,,,,,,,,,,,,,,,,,,,,,,,,,,,,,,,,,,,0,FIRST_UPWARD_CROSSING,charge_timeseries/cycle-011.csv,,,313428.2287789316,321483.2688339277,SOC_UPPER_BOUND_NOT_REACHED,SOC_UPPER_BOUND_NOT_REACHED;NON_MONOTONIC_SOC,False,False,3,charge-efficiency-v1
12,virtual,20-40,20.0,40.0,20.0,40.0,100.0,NEGATIVE_PARTICLE_LITHIUM_DELTA_OVER_FROZEN_Q_REF_V1,4.86364618924218,0,20.0,W10_80_PERCENT_DISCHARGE_WINDOW,14.55,3.0000000000000004,2.9915827413973717,4.85,100.0,4.86364618924218,0,,,,1.2645894083403644,0.042446325240945604,0.07874018648712036,0.9727292378484358,,,,,0.2918287998673283,0.0,,,2.4273775489224705e-05,,,7.793187092051956e-05,76.92055867564451,99.9975193035468,-7.083502180948997e-05,-0.005601424568505062,0.005601424568505062,SOC_UPPER_BOUND_NOT_REACHED,345056.8041096945,345539.6358715048,482.83176181030217,0.07140227088212149,1.1931871374582428,94.35371904815894,,,,,,,,,,,,,,,,,,,,,,,,,,,,,1,FIRST_UPWARD_CROSSING,charge_timeseries/cycle-012.csv,,,345056.8041096945,353171.28237438045,SOC_UPPER_BOUND_NOT_REACHED,SOC_UPPER_BOUND_NOT_REACHED;NON_MONOTONIC_SOC,False,False,3,charge-efficiency-v1
12,virtual,40-60,40.0,60.0,40.0,60.0,100.0,NEGATIVE_PARTICLE_LITHIUM_DELTA_OVER_FROZEN_Q_REF_V1,4.86364618924218,0,20.0,W10_80_PERCENT_DISCHARGE_WINDOW,14.55,3.0000000000000004,2.9915827413973717,4.85,100.0,4.86364618924218,0,,,,0.8774195746544804,0.07874018648712036,0.11503404773329513,0.9727292378484362,,,,,-0.09538258056974055,0.09538258056974055,,,2.362254706609994e-05,,,0.0001119559130927858,110.86249565739264,99.99168956587121,-6.26610843741382e-05,-0.007141518856450581,0.007141518856450581,SOC_UPPER_BOUND_NOT_REACHED,345539.6358715048,345953.29474170756,413.6588702027434,0.0,0.8774195746544804,100.0,,,,,,,,,,,,,,,,,,,,,,,,,,,,,1,FIRST_UPWARD_CROSSING,charge_timeseries/cycle-012.csv,,,345056.8041096945,353171.28237438045,SOC_UPPER_BOUND_NOT_REACHED,SOC_UPPER_BOUND_NOT_REACHED;NON_MONOTONIC_SOC,False,False,3,charge-efficiency-v1
12,virtual,60-80,60.0,80.0,60.0,80.0,100.0,NEGATIVE_PARTICLE_LITHIUM_DELTA_OVER_FROZEN_Q_REF_V1,4.86364618924218,0,20.0,W10_80_PERCENT_DISCHARGE_WINDOW,14.55,3.0000000000000004,2.9915827413973717,4.85,100.0,4.86364618924218,0,,,,0.7895839301090819,0.11503404773329513,0.1513279089794699,0.9727292378484362,,,,,-0.18330173569008593,0.18330173569008593,,,2.704541365098896e-05,,,0.0003401087284729751,123.19516656247711,99.98018855947208,-0.00021072619139239634,-0.026688257366545478,0.026688257366545478,SOC_UPPER_BOUND_NOT_REACHED,345953.29474170756,349092.3924664982,3139.097724790632,0.2218985016506721,0.5676854284584099,71.8967809261244,,,,,,,,,,,,,,,,,,,,,,,,,,,,,1,FIRST_UPWARD_CROSSING,charge_timeseries/cycle-012.csv,,,345056.8041096945,353171.28237438045,SOC_UPPER_BOUND_NOT_REACHED,SOC_UPPER_BOUND_NOT_REACHED;NON_MONOTONIC_SOC,False,False,3,charge-efficiency-v1
12,virtual,80-100,80.0,100.0,80.0,,0.0,NEGATIVE_PARTICLE_LITHIUM_DELTA_OVER_FROZEN_Q_REF_V1,4.86364618924218,0,20.0,W10_80_PERCENT_DISCHARGE_WINDOW,14.55,3.0000000000000004,2.9915827413973717,4.85,100.0,4.86364618924218,0,,,,,,,,,,,,,,,,,,,,,,,,,,,,,,,,,,,,,,,,,,,,,,,,,,,,,,,,,,,,0,FIRST_UPWARD_CROSSING,charge_timeseries/cycle-012.csv,,,345056.8041096945,353171.28237438045,SOC_UPPER_BOUND_NOT_REACHED,SOC_UPPER_BOUND_NOT_REACHED;NON_MONOTONIC_SOC,False,False,3,charge-efficiency-v1
13,virtual,20-40,20.0,40.0,20.0,40.0,100.0,NEGATIVE_PARTICLE_LITHIUM_DELTA_OVER_FROZEN_Q_REF_V1,4.86364618924218,0,20.0,W10_80_PERCENT_DISCHARGE_WINDOW,14.55,3.0000000000000004,2.9915827413973717,4.85,100.0,4.86364618924218,0,,,,1.2740772573754544,0.04240636231151407,0.07870022355768883,0.9727292378484358,,,,,0.30131727962073446,0.0,,,2.4962998691425682e-05,,,7.712787493512757e-05,76.34774360953725,99.9975872808257,-7.135096734245394e-05,-0.005600207281733757,0.005600207281733757,SOC_UPPER_BOUND_NOT_REACHED,376744.81804872974,377242.8826822837,498.06463355393936,0.06964089817885631,1.204436359196598,94.53401292773142,,,,,,,,,,,,,,,,,,,,,,,,,,,,,1,FIRST_UPWARD_CROSSING,charge_timeseries/cycle-013.csv,,,376744.81804872974,384922.4810156508,SOC_UPPER_BOUND_NOT_REACHED,SOC_UPPER_BOUND_NOT_REACHED;NON_MONOTONIC_SOC,False,False,3,charge-efficiency-v1
13,virtual,40-60,40.0,60.0,40.0,60.0,100.0,NEGATIVE_PARTICLE_LITHIUM_DELTA_OVER_FROZEN_Q_REF_V1,4.86364618924218,0,20.0,W10_80_PERCENT_DISCHARGE_WINDOW,14.55,3.0000000000000004,2.9915827413973717,4.85,100.0,4.86364618924218,0,,,,0.871933174101952,0.07870022355768883,0.11499408480386361,0.9727292378484366,,,,,-0.10088588631821799,0.10088588631821799,,,2.3761648300963008e-05,,,0.00010809488555086483,111.56006753043884,99.98969845689999,-4.203396211843735e-05,-0.004820777941122638,0.004820777941122638,SOC_UPPER_BOUND_NOT_REACHED,377242.8826822837,377665.1042838083,422.2216015246407,0.0,0.871933174101952,100.0,,,,,,,,,,,,,,,,,,,,,,,,,,,,,1,FIRST_UPWARD_CROSSING,charge_timeseries/cycle-013.csv,,,376744.81804872974,384922.4810156508,SOC_UPPER_BOUND_NOT_REACHED,SOC_UPPER_BOUND_NOT_REACHED;NON_MONOTONIC_SOC,False,False,3,charge-efficiency-v1
13,virtual,60-80,60.0,80.0,60.0,80.0,100.0,NEGATIVE_PARTICLE_LITHIUM_DELTA_OVER_FROZEN_Q_REF_V1,4.86364618924218,0,20.0,W10_80_PERCENT_DISCHARGE_WINDOW,14.55,3.0000000000000004,2.9915827413973717,4.85,100.0,4.86364618924218,0,,,,0.785519121160634,0.11499408480386361,0.1512879460500384,0.9727292378484366,,,,,-0.18739420534112416,0.18739420534112416,,,2.6379817713314798e-05,,,0.0003257688066000755,123.83266194859681,99.97656471391178,-0.00016805997099178516,-0.021394765125955208,0.021394765125955208,SOC_UPPER_BOUND_NOT_REACHED,377665.1042838083,380836.4910623295,3171.3867785211783,0.22160840559839806,0.563910715562236,71.78828629009524,,,,,,,,,,,,,,,,,,,,,,,,,,,,,1,FIRST_UPWARD_CROSSING,charge_timeseries/cycle-013.csv,,,376744.81804872974,384922.4810156508,SOC_UPPER_BOUND_NOT_REACHED,SOC_UPPER_BOUND_NOT_REACHED;NON_MONOTONIC_SOC,False,False,3,charge-efficiency-v1
13,virtual,80-100,80.0,100.0,80.0,,0.0,NEGATIVE_PARTICLE_LITHIUM_DELTA_OVER_FROZEN_Q_REF_V1,4.86364618924218,0,20.0,W10_80_PERCENT_DISCHARGE_WINDOW,14.55,3.0000000000000004,2.9915827413973717,4.85,100.0,4.86364618924218,0,,,,,,,,,,,,,,,,,,,,,,,,,,,,,,,,,,,,,,,,,,,,,,,,,,,,,,,,,,,,0,FIRST_UPWARD_CROSSING,charge_timeseries/cycle-013.csv,,,376744.81804872974,384922.4810156508,SOC_UPPER_BOUND_NOT_REACHED,SOC_UPPER_BOUND_NOT_REACHED;NON_MONOTONIC_SOC,False,False,3,charge-efficiency-v1
14,virtual,20-40,20.0,40.0,20.0,40.0,100.0,NEGATIVE_PARTICLE_LITHIUM_DELTA_OVER_FROZEN_Q_REF_V1,4.86364618924218,0,20.0,W10_80_PERCENT_DISCHARGE_WINDOW,14.55,3.0000000000000004,2.9915827413973717,4.85,100.0,4.86364618924218,0,,,,1.2853010385653538,0.04236827587514793,0.0786621371213227,0.9727292378484359,,,,,0.3125331907212989,0.0,,,2.5980819068985696e-05,,,7.694012453541427e-05,75.68104348022554,99.99699603482293,-6.431094798542425e-05,-0.005003570841054309,0.005003570841054309,SOC_UPPER_BOUND_NOT_REACHED,408496.01743509277,409011.86519217724,515.8477570844902,0.06798176723853654,1.2173192713268173,94.71082919886088,,,,,,,,,,,,,,,,,,,,,,,,,,,,,1,FIRST_UPWARD_CROSSING,charge_timeseries/cycle-014.csv,,,408496.01743509277,416741.8544714668,SOC_UPPER_BOUND_NOT_REACHED,SOC_UPPER_BOUND_NOT_REACHED;NON_MONOTONIC_SOC,False,False,3,charge-efficiency-v1
14,virtual,40-60,40.0,60.0,40.0,60.0,100.0,NEGATIVE_PARTICLE_LITHIUM_DELTA_OVER_FROZEN_Q_REF_V1,4.86364618924218,0,20.0,W10_80_PERCENT_DISCHARGE_WINDOW,14.55,3.0000000000000004,2.9915827413973717,4.85,100.0,4.86364618924218,0,,,,0.8653577810638283,0.0786621371213227,0.11495599836749745,0.9727292378484358,,,,,-0.10744375575231163,0.10744375575231163,,,2.412054174531493e-05,,,0.00010473669837170185,112.40775308596756,99.99164519355044,-5.6558272412909893e-05,-0.006535825256390476,0.006535825256390476,SOC_UPPER_BOUND_NOT_REACHED,409011.86519217724,409443.7477494088,431.8825572315601,0.0,0.8653577810638283,100.0,,,,,,,,,,,,,,,,,,,,,,,,,,,,,1,FIRST_UPWARD_CROSSING,charge_timeseries/cycle-014.csv,,,408496.01743509277,416741.8544714668,SOC_UPPER_BOUND_NOT_REACHED,SOC_UPPER_BOUND_NOT_REACHED;NON_MONOTONIC_SOC,False,False,3,charge-efficiency-v1
14,virtual,60-80,60.0,80.0,60.0,80.0,100.0,NEGATIVE_PARTICLE_LITHIUM_DELTA_OVER_FROZEN_Q_REF_V1,4.86364618924218,0,20.0,W10_80_PERCENT_DISCHARGE_WINDOW,14.55,3.0000000000000004,2.9915827413973717,4.85,100.0,4.86364618924218,0,,,,0.7807063060384772,0.11495599836749745,0.15124985961367224,0.9727292378484366,,,,,-0.192154801935959,0.192154801935959,,,2.5872376363176653e-05,,,0.00031284005151643174,124.59605235986085,99.98310886885636,-0.00020684230187995034,-0.02649425274012787,0.02649425274012787,SOC_UPPER_BOUND_NOT_REACHED,409443.7477494088,412647.96967903175,3204.2219296229437,0.22134085959837213,0.5593654464401051,71.64863945809306,,,,,,,,,,,,,,,,,,,,,,,,,,,,,1,FIRST_UPWARD_CROSSING,charge_timeseries/cycle-014.csv,,,408496.01743509277,416741.8544714668,SOC_UPPER_BOUND_NOT_REACHED,SOC_UPPER_BOUND_NOT_REACHED;NON_MONOTONIC_SOC,False,False,3,charge-efficiency-v1
14,virtual,80-100,80.0,100.0,80.0,,0.0,NEGATIVE_PARTICLE_LITHIUM_DELTA_OVER_FROZEN_Q_REF_V1,4.86364618924218,0,20.0,W10_80_PERCENT_DISCHARGE_WINDOW,14.55,3.0000000000000004,2.9915827413973717,4.85,100.0,4.86364618924218,0,,,,,,,,,,,,,,,,,,,,,,,,,,,,,,,,,,,,,,,,,,,,,,,,,,,,,,,,,,,,0,FIRST_UPWARD_CROSSING,charge_timeseries/cycle-014.csv,,,408496.01743509277,416741.8544714668,SOC_UPPER_BOUND_NOT_REACHED,SOC_UPPER_BOUND_NOT_REACHED;NON_MONOTONIC_SOC,False,False,3,charge-efficiency-v1
15,virtual,20-40,20.0,40.0,20.0,40.0,100.0,NEGATIVE_PARTICLE_LITHIUM_DELTA_OVER_FROZEN_Q_REF_V1,4.86364618924218,0,20.0,W10_80_PERCENT_DISCHARGE_WINDOW,14.55,3.0000000000000004,2.9915827413973717,4.85,100.0,4.86364618924218,0,,,,1.2961165736796416,0.042331771159028385,0.07862563240520315,0.9727292378484359,,,,,0.3233452912853007,0.0,,,2.704295102137549e-05,,,7.701376031738622e-05,75.04951773642416,99.99675611385899,-6.201216543377797e-05,-0.004784458951691901,0.004784458951691901,SOC_UPPER_BOUND_NOT_REACHED,440315.3915104172,440849.98717231373,534.5956618965026,0.06641216738361544,1.229704406296026,94.87606526046703,,,,,,,,,,,,,,,,,,,,,,,,,,,,,1,FIRST_UPWARD_CROSSING,charge_timeseries/cycle-015.csv,,,440315.3915104172,448633.3447038405,SOC_UPPER_BOUND_NOT_REACHED,SOC_UPPER_BOUND_NOT_REACHED;NON_MONOTONIC_SOC,False,False,3,charge-efficiency-v1
15,virtual,40-60,40.0,60.0,40.0,60.0,100.0,NEGATIVE_PARTICLE_LITHIUM_DELTA_OVER_FROZEN_Q_REF_V1,4.86364618924218,0,20.0,W10_80_PERCENT_DISCHARGE_WINDOW,14.55,3.0000000000000004,2.9915827413973717,4.85,100.0,4.86364618924218,0,,,,0.8587800276088807,0.07862563240520315,0.11491949365137792,0.9727292378484362,,,,,-0.11402843571442839,0.11402843571442839,,,2.4508506859328722e-05,,,0.00010173828609288255,113.2687308246824,99.99077464864975,-4.7021318079321084e-05,-0.00547536232418487,0.00547536232418487,SOC_UPPER_BOUND_NOT_REACHED,440849.98717231373,441292.09344291175,442.10627059803073,0.0,0.8587800276088807,99.99999999999999,,,,,,,,,,,,,,,,,,,,,,,,,,,,,1,FIRST_UPWARD_CROSSING,charge_timeseries/cycle-015.csv,,,440315.3915104172,448633.3447038405,SOC_UPPER_BOUND_NOT_REACHED,SOC_UPPER_BOUND_NOT_REACHED;NON_MONOTONIC_SOC,False,False,3,charge-efficiency-v1
15,virtual,60-80,60.0,80.0,60.0,80.0,100.0,NEGATIVE_PARTICLE_LITHIUM_DELTA_OVER_FROZEN_Q_REF_V1,4.86364618924218,0,20.0,W10_80_PERCENT_DISCHARGE_WINDOW,14.55,3.0000000000000004,2.9915827413973717,4.85,100.0,4.86364618924218,0,,,,0.7763750165394202,0.11491949365137792,0.1512133548975527,0.9727292378484362,,,,,-0.19648181681895727,0.19648181681895727,,,2.539880744875135e-05,,,0.00030132525854324743,125.29115660937117,99.9835652220611,-0.00019912855605075386,-0.025648501279489994,0.025648501279489994,SOC_UPPER_BOUND_NOT_REACHED,441292.09344291175,444530.9072496938,3238.813806782041,0.2210912157466941,0.5552838007927261,71.5226261746319,,,,,,,,,,,,,,,,,,,,,,,,,,,,,1,FIRST_UPWARD_CROSSING,charge_timeseries/cycle-015.csv,,,440315.3915104172,448633.3447038405,SOC_UPPER_BOUND_NOT_REACHED,SOC_UPPER_BOUND_NOT_REACHED;NON_MONOTONIC_SOC,False,False,3,charge-efficiency-v1
15,virtual,80-100,80.0,100.0,80.0,,0.0,NEGATIVE_PARTICLE_LITHIUM_DELTA_OVER_FROZEN_Q_REF_V1,4.86364618924218,0,20.0,W10_80_PERCENT_DISCHARGE_WINDOW,14.55,3.0000000000000004,2.9915827413973717,4.85,100.0,4.86364618924218,0,,,,,,,,,,,,,,,,,,,,,,,,,,,,,,,,,,,,,,,,,,,,,,,,,,,,,,,,,,,,0,FIRST_UPWARD_CROSSING,charge_timeseries/cycle-015.csv,,,440315.3915104172,448633.3447038405,SOC_UPPER_BOUND_NOT_REACHED,SOC_UPPER_BOUND_NOT_REACHED;NON_MONOTONIC_SOC,False,False,3,charge-efficiency-v1
16,virtual,20-40,20.0,40.0,20.0,40.0,100.0,NEGATIVE_PARTICLE_LITHIUM_DELTA_OVER_FROZEN_Q_REF_V1,4.86364618924218,0,20.0,W10_80_PERCENT_DISCHARGE_WINDOW,14.55,3.0000000000000004,2.9915827413973717,4.85,100.0,4.86364618924218,0,,,,1.3121939583369306,0.04229661379217621,0.07859047503835098,0.9727292378484362,,,,,0.3394191645193967,0.0,,,2.918382945102621e-05,,,7.854029487514014e-05,74.12998906665212,99.99652825949941,-6.216815522841479e-05,-0.004737726068119263,0.004737726068119263,SOC_UPPER_BOUND_NOT_REACHED,472206.88425300806,472769.0324092074,562.1481561993171,0.06492198959950331,1.2472719687374274,95.05240904463658,,,,,,,,,,,,,,,,,,,,,,,,,,,,,1,FIRST_UPWARD_CROSSING,charge_timeseries/cycle-016.csv,,,472206.88425300806,480612.2459714352,SOC_UPPER_BOUND_NOT_REACHED,SOC_UPPER_BOUND_NOT_REACHED;NON_MONOTONIC_SOC,False,False,3,charge-efficiency-v1
16,virtual,40-60,40.0,60.0,40.0,60.0,100.0,NEGATIVE_PARTICLE_LITHIUM_DELTA_OVER_FROZEN_Q_REF_V1,4.86364618924218,0,20.0,W10_80_PERCENT_DISCHARGE_WINDOW,14.55,3.0000000000000004,2.9915827413973717,4.85,100.0,4.86364618924218,0,,,,0.8489465256652731,0.07859047503835098,0.11488433628452574,0.9727292378484358,,,,,-0.12385308412915694,0.12385308412915694,,,2.546849374126278e-05,,,9.918658199496028e-05,114.58074312585956,99.99171067389207,-5.428312974198324e-05,-0.006394175381004653,0.006394175381004653,SOC_UPPER_BOUND_NOT_REACHED,472769.0324092074,473225.23134933715,456.1989401297561,0.0,0.8489465256652731,100.00000000000001,,,,,,,,,,,,,,,,,,,,,,,,,,,,,1,FIRST_UPWARD_CROSSING,charge_timeseries/cycle-016.csv,,,472206.88425300806,480612.2459714352,SOC_UPPER_BOUND_NOT_REACHED,SOC_UPPER_BOUND_NOT_REACHED;NON_MONOTONIC_SOC,False,False,3,charge-efficiency-v1
16,virtual,60-80,60.0,80.0,60.0,80.0,100.0,NEGATIVE_PARTICLE_LITHIUM_DELTA_OVER_FROZEN_Q_REF_V1,4.86364618924218,0,20.0,W10_80_PERCENT_DISCHARGE_WINDOW,14.55,3.0000000000000004,2.9915827413973717,4.85,100.0,4.86364618924218,0,,,,0.770027966074022,0.11488433628452574,0.1511781975307005,0.9727292378484358,,,,,-0.20282450360198562,0.20282450360198562,,,2.5177664712231146e-05,,,0.0002901956281671225,126.32388441784572,99.98399644779136,-0.00019214146530754928,-0.024952530787573878,0.024952530787573878,SOC_UPPER_BOUND_NOT_REACHED,473225.23134933715,476500.7073561567,3275.4760068195924,0.2208650611366746,0.5491629049373474,71.31726757110494,,,,,,,,,,,,,,,,,,,,,,,,,,,,,1,FIRST_UPWARD_CROSSING,charge_timeseries/cycle-016.csv,,,472206.88425300806,480612.2459714352,SOC_UPPER_BOUND_NOT_REACHED,SOC_UPPER_BOUND_NOT_REACHED;NON_MONOTONIC_SOC,False,False,3,charge-efficiency-v1
16,virtual,80-100,80.0,100.0,80.0,,0.0,NEGATIVE_PARTICLE_LITHIUM_DELTA_OVER_FROZEN_Q_REF_V1,4.86364618924218,0,20.0,W10_80_PERCENT_DISCHARGE_WINDOW,14.55,3.0000000000000004,2.9915827413973717,4.85,100.0,4.86364618924218,0,,,,,,,,,,,,,,,,,,,,,,,,,,,,,,,,,,,,,,,,,,,,,,,,,,,,,,,,,,,,0,FIRST_UPWARD_CROSSING,charge_timeseries/cycle-016.csv,,,472206.88425300806,480612.2459714352,SOC_UPPER_BOUND_NOT_REACHED,SOC_UPPER_BOUND_NOT_REACHED;NON_MONOTONIC_SOC,False,False,3,charge-efficiency-v1
17,virtual,20-40,20.0,40.0,20.0,40.0,100.0,NEGATIVE_PARTICLE_LITHIUM_DELTA_OVER_FROZEN_Q_REF_V1,4.86364618924218,0,20.0,W10_80_PERCENT_DISCHARGE_WINDOW,14.55,3.0000000000000004,2.9915827413973717,4.85,100.0,4.86364618924218,0,,,,1.3184692537769234,0.042262563417608735,0.0785564246637835,0.9727292378484359,,,,,0.34569387185084594,0.0,,,2.9882068990223646e-05,,,7.847736223741408e-05,73.77716507699583,99.99650017795186,-6.221535358585939e-05,-0.0047187564979339165,0.0047187564979339165,SOC_UPPER_BOUND_NOT_REACHED,504185.788090402,504765.6480190778,579.8599286757376,0.0635022861390588,1.2549669676378645,95.18363541985158,,,,,,,,,,,,,,,,,,,,,,,,,,,,,1,FIRST_UPWARD_CROSSING,charge_timeseries/cycle-017.csv,,,504185.788090402,512667.25012138375,SOC_UPPER_BOUND_NOT_REACHED,SOC_UPPER_BOUND_NOT_REACHED;NON_MONOTONIC_SOC,False,False,3,charge-efficiency-v1
17,virtual,40-60,40.0,60.0,40.0,60.0,100.0,NEGATIVE_PARTICLE_LITHIUM_DELTA_OVER_FROZEN_Q_REF_V1,4.86364618924218,0,20.0,W10_80_PERCENT_DISCHARGE_WINDOW,14.55,3.0000000000000004,2.9915827413973717,4.85,100.0,4.86364618924218,0,,,,0.8443423028910253,0.0785564246637835,0.11485028590995827,0.9727292378484362,,,,,-0.12847162098839934,0.12847162098839934,,,2.558398561656192e-05,,,9.664649050609986e-05,115.20555520170132,99.98997017788894,-3.754444513426325e-05,-0.004446590559979193,0.004446590559979193,SOC_UPPER_BOUND_NOT_REACHED,504765.6480190778,505231.90467058035,466.25665150260966,0.0,0.8443423028910253,100.0,,,,,,,,,,,,,,,,,,,,,,,,,,,,,1,FIRST_UPWARD_CROSSING,charge_timeseries/cycle-017.csv,,,504185.788090402,512667.25012138375,SOC_UPPER_BOUND_NOT_REACHED,SOC_UPPER_BOUND_NOT_REACHED;NON_MONOTONIC_SOC,False,False,3,charge-efficiency-v1
17,virtual,60-80,60.0,80.0,60.0,80.0,100.0,NEGATIVE_PARTICLE_LITHIUM_DELTA_OVER_FROZEN_Q_REF_V1,4.86364618924218,0,20.0,W10_80_PERCENT_DISCHARGE_WINDOW,14.55,3.0000000000000004,2.9915827413973717,4.85,100.0,4.86364618924218,0,,,,0.7682935572020843,0.11485028590995827,0.15114414715613303,0.9727292378484358,,,,,-0.20457723435634365,0.20457723435634365,,,2.459419103411622e-05,,,0.0002813261354446539,126.60905831240478,99.98157556982416,-0.00016436661648655537,-0.02139372573748162,0.02139372573748162,SOC_UPPER_BOUND_NOT_REACHED,505231.90467058035,508546.1115737512,3314.206903170816,0.22064227277220205,0.5476512844298822,71.28151463670721,,,,,,,,,,,,,,,,,,,,,,,,,,,,,1,FIRST_UPWARD_CROSSING,charge_timeseries/cycle-017.csv,,,504185.788090402,512667.25012138375,SOC_UPPER_BOUND_NOT_REACHED,SOC_UPPER_BOUND_NOT_REACHED;NON_MONOTONIC_SOC,False,False,3,charge-efficiency-v1
17,virtual,80-100,80.0,100.0,80.0,,0.0,NEGATIVE_PARTICLE_LITHIUM_DELTA_OVER_FROZEN_Q_REF_V1,4.86364618924218,0,20.0,W10_80_PERCENT_DISCHARGE_WINDOW,14.55,3.0000000000000004,2.9915827413973717,4.85,100.0,4.86364618924218,0,,,,,,,,,,,,,,,,,,,,,,,,,,,,,,,,,,,,,,,,,,,,,,,,,,,,,,,,,,,,0,FIRST_UPWARD_CROSSING,charge_timeseries/cycle-017.csv,,,504185.788090402,512667.25012138375,SOC_UPPER_BOUND_NOT_REACHED,SOC_UPPER_BOUND_NOT_REACHED;NON_MONOTONIC_SOC,False,False,3,charge-efficiency-v1
18,virtual,20-40,20.0,40.0,20.0,40.0,100.0,NEGATIVE_PARTICLE_LITHIUM_DELTA_OVER_FROZEN_Q_REF_V1,4.86364618924218,0,20.0,W10_80_PERCENT_DISCHARGE_WINDOW,14.55,3.0000000000000004,2.9915827413973717,4.85,100.0,4.86364618924218,0,,,,1.3288913374756282,0.04222955334374199,0.07852341458991674,0.9727292378484356,,,,,0.3561088872302468,0.0,,,3.152022263744163e-05,,,7.97793484553222e-05,73.19855359251865,99.99599573001603,-5.8087174146903564e-05,-0.004371100368315019,0.004371100368315019,SOC_UPPER_BOUND_NOT_REACHED,536240.7930118474,536847.2650763072,606.4720644598217,0.062146688943718775,1.2667446485319094,95.32341831185587,,,,,,,,,,,,,,,,,,,,,,,,,,,,,1,FIRST_UPWARD_CROSSING,charge_timeseries/cycle-018.csv,,,536240.7930118474,544815.8401278616,SOC_UPPER_BOUND_NOT_REACHED,SOC_UPPER_BOUND_NOT_REACHED;NON_MONOTONIC_SOC,False,False,3,charge-efficiency-v1
18,virtual,40-60,40.0,60.0,40.0,60.0,100.0,NEGATIVE_PARTICLE_LITHIUM_DELTA_OVER_FROZEN_Q_REF_V1,4.86364618924218,0,20.0,W10_80_PERCENT_DISCHARGE_WINDOW,14.55,3.0000000000000004,2.9915827413973717,4.85,100.0,4.86364618924218,0,,,,0.8369512091427554,0.07852341458991674,0.11481727583609153,0.9727292378484366,,,,,-0.13584592033730233,0.13584592033730233,,,2.6217796868685007e-05,,,9.444732409966128e-05,116.22293237914684,99.99188822109586,-5.277348934717985e-05,-0.0063054439459180565,0.0063054439459180565,SOC_UPPER_BOUND_NOT_REACHED,536847.2650763072,537328.037604022,480.7725277147604,0.0,0.8369512091427554,100.0,,,,,,,,,,,,,,,,,,,,,,,,,,,,,1,FIRST_UPWARD_CROSSING,charge_timeseries/cycle-018.csv,,,536240.7930118474,544815.8401278616,SOC_UPPER_BOUND_NOT_REACHED,SOC_UPPER_BOUND_NOT_REACHED;NON_MONOTONIC_SOC,False,False,3,charge-efficiency-v1
18,virtual,60-80,60.0,80.0,60.0,80.0,100.0,NEGATIVE_PARTICLE_LITHIUM_DELTA_OVER_FROZEN_Q_REF_V1,4.86364618924218,0,20.0,W10_80_PERCENT_DISCHARGE_WINDOW,14.55,3.0000000000000004,2.9915827413973717,4.85,100.0,4.86364618924218,0,,,,0.7651368356725592,0.11481727583609153,0.15111113708226628,0.9727292378484358,,,,,-0.20770915596407133,0.20770915596407133,,,2.4201136751025604e-05,,,0.0002726056454076947,127.13140872291189,99.98474079631886,-0.0001800529939639528,-0.023532129884412806,0.023532129884412806,SOC_UPPER_BOUND_NOT_REACHED,537328.037604022,540684.7025817238,3356.6649777017674,0.2204391982674983,0.5446976374050609,71.18957185302273,,,,,,,,,,,,,,,,,,,,,,,,,,,,,1,FIRST_UPWARD_CROSSING,charge_timeseries/cycle-018.csv,,,536240.7930118474,544815.8401278616,SOC_UPPER_BOUND_NOT_REACHED,SOC_UPPER_BOUND_NOT_REACHED;NON_MONOTONIC_SOC,False,False,3,charge-efficiency-v1
18,virtual,80-100,80.0,100.0,80.0,,0.0,NEGATIVE_PARTICLE_LITHIUM_DELTA_OVER_FROZEN_Q_REF_V1,4.86364618924218,0,20.0,W10_80_PERCENT_DISCHARGE_WINDOW,14.55,3.0000000000000004,2.9915827413973717,4.85,100.0,4.86364618924218,0,,,,,,,,,,,,,,,,,,,,,,,,,,,,,,,,,,,,,,,,,,,,,,,,,,,,,,,,,,,,0,FIRST_UPWARD_CROSSING,charge_timeseries/cycle-018.csv,,,536240.7930118474,544815.8401278616,SOC_UPPER_BOUND_NOT_REACHED,SOC_UPPER_BOUND_NOT_REACHED;NON_MONOTONIC_SOC,False,False,3,charge-efficiency-v1
19,virtual,20-40,20.0,40.0,20.0,40.0,100.0,NEGATIVE_PARTICLE_LITHIUM_DELTA_OVER_FROZEN_Q_REF_V1,4.86364618924218,0,20.0,W10_80_PERCENT_DISCHARGE_WINDOW,14.55,3.0000000000000004,2.9915827413973717,4.85,100.0,4.86364618924218,0,,,,1.3432341871897129,0.04219740146906959,0.07849126271524436,0.9727292378484359,,,,,0.370440340226368,0.0,,,3.454875322608233e-05,,,8.3119076857055e-05,72.41695060513312,99.99519003346362,-5.305871517413685e-05,-0.003950071825162909,0.003950071825162909,SOC_UPPER_BOUND_NOT_REACHED,568389.385478243,569037.5014401895,648.1159619465045,0.06084804837894303,1.2823861388107698,95.47003426809378,,,,,,,,,,,,,,,,,,,,,,,,,,,,,1,FIRST_UPWARD_CROSSING,charge_timeseries/cycle-019.csv,,,568389.385478243,577091.2717191781,SOC_UPPER_BOUND_NOT_REACHED,SOC_UPPER_BOUND_NOT_REACHED;NON_MONOTONIC_SOC,False,False,3,charge-efficiency-v1
19,virtual,40-60,40.0,60.0,40.0,60.0,100.0,NEGATIVE_PARTICLE_LITHIUM_DELTA_OVER_FROZEN_Q_REF_V1,4.86364618924218,0,20.0,W10_80_PERCENT_DISCHARGE_WINDOW,14.55,3.0000000000000004,2.9915827413973717,4.85,100.0,4.86364618924218,0,,,,0.8262840330891013,0.07849126271524436,0.11478512396141914,0.9727292378484366,,,,,-0.14650911372329364,0.14650911372329364,,,2.752484421326062e-05,,,9.25461317846793e-05,117.72334922312889,99.9922654969237,-5.616201203961779e-05,-0.006796937831371798,0.006796937831371798,SOC_UPPER_BOUND_NOT_REACHED,569037.5014401895,569540.9979580928,503.4965179033629,0.0,0.8262840330891013,100.0,,,,,,,,,,,,,,,,,,,,,,,,,,,,,1,FIRST_UPWARD_CROSSING,charge_timeseries/cycle-019.csv,,,568389.385478243,577091.2717191781,SOC_UPPER_BOUND_NOT_REACHED,SOC_UPPER_BOUND_NOT_REACHED;NON_MONOTONIC_SOC,False,False,3,charge-efficiency-v1
19,virtual,60-80,60.0,80.0,60.0,80.0,100.0,NEGATIVE_PARTICLE_LITHIUM_DELTA_OVER_FROZEN_Q_REF_V1,4.86364618924218,0,20.0,W10_80_PERCENT_DISCHARGE_WINDOW,14.55,3.0000000000000004,2.9915827413973717,4.85,100.0,4.86364618924218,0,,,,0.761379958183954,0.11478512396141914,0.15107898520759389,0.9727292378484355,,,,,-0.21146293847728262,0.21146293847728262,,,2.3938529184398382e-05,,,0.0002637943628468614,127.75871329324093,99.98507199833941,-0.000174074079230091,-0.02286297102504419,0.02286297102504419,SOC_UPPER_BOUND_NOT_REACHED,569540.9979580928,572949.7088464014,3408.7108883085184,0.2202600450175966,0.5411199131663573,71.07094261543715,,,,,,,,,,,,,,,,,,,,,,,,,,,,,1,FIRST_UPWARD_CROSSING,charge_timeseries/cycle-019.csv,,,568389.385478243,577091.2717191781,SOC_UPPER_BOUND_NOT_REACHED,SOC_UPPER_BOUND_NOT_REACHED;NON_MONOTONIC_SOC,False,False,3,charge-efficiency-v1
19,virtual,80-100,80.0,100.0,80.0,,0.0,NEGATIVE_PARTICLE_LITHIUM_DELTA_OVER_FROZEN_Q_REF_V1,4.86364618924218,0,20.0,W10_80_PERCENT_DISCHARGE_WINDOW,14.55,3.0000000000000004,2.9915827413973717,4.85,100.0,4.86364618924218,0,,,,,,,,,,,,,,,,,,,,,,,,,,,,,,,,,,,,,,,,,,,,,,,,,,,,,,,,,,,,0,FIRST_UPWARD_CROSSING,charge_timeseries/cycle-019.csv,,,568389.385478243,577091.2717191781,SOC_UPPER_BOUND_NOT_REACHED,SOC_UPPER_BOUND_NOT_REACHED;NON_MONOTONIC_SOC,False,False,3,charge-efficiency-v1
20,virtual,20-40,20.0,40.0,20.0,40.0,100.0,NEGATIVE_PARTICLE_LITHIUM_DELTA_OVER_FROZEN_Q_REF_V1,4.86364618924218,0,20.0,W10_80_PERCENT_DISCHARGE_WINDOW,14.55,3.0000000000000004,2.9915827413973717,4.85,100.0,4.86364618924218,0,,,,1.3543892677052323,0.04216596445685632,0.07845982570303109,0.9727292378484362,,,,,0.3815856949844866,0.0,,,3.79460804044141e-05,,,8.743526990619144e-05,71.82050692830357,99.9945115577861,-5.104647800124873e-05,-0.003768966516379575,0.003768966516379575,SOC_UPPER_BOUND_NOT_REACHED,600664.8196604946,601363.3061324245,698.4864719299164,0.05960051571930198,1.2947887519859302,95.59945451869355,,,,,,,,,,,,,,,,,,,,,,,,,,,,,1,FIRST_UPWARD_CROSSING,charge_timeseries/cycle-020.csv,,,600664.8196604946,609521.2130398046,SOC_UPPER_BOUND_NOT_REACHED,SOC_UPPER_BOUND_NOT_REACHED;NON_MONOTONIC_SOC,False,False,3,charge-efficiency-v1
20,virtual,40-60,40.0,60.0,40.0,60.0,100.0,NEGATIVE_PARTICLE_LITHIUM_DELTA_OVER_FROZEN_Q_REF_V1,4.86364618924218,0,20.0,W10_80_PERCENT_DISCHARGE_WINDOW,14.55,3.0000000000000004,2.9915827413973717,4.85,100.0,4.86364618924218,0,,,,0.8162698489919328,0.07845982570303109,0.11475368694920585,0.9727292378484358,,,,,-0.15652972350525168,0.15652972350525168,,,2.896973750598792e-05,,,9.082701248443181e-05,119.16760603735706,99.9913834072353,-4.9462101241792844e-05,-0.006059528145364791,0.006059528145364791,SOC_UPPER_BOUND_NOT_REACHED,601363.3061324245,601896.4393894459,533.1332570214729,0.0,0.8162698489919328,100.0,,,,,,,,,,,,,,,,,,,,,,,,,,,,,1,FIRST_UPWARD_CROSSING,charge_timeseries/cycle-020.csv,,,600664.8196604946,609521.2130398046,SOC_UPPER_BOUND_NOT_REACHED,SOC_UPPER_BOUND_NOT_REACHED;NON_MONOTONIC_SOC,False,False,3,charge-efficiency-v1
20,virtual,60-80,60.0,80.0,60.0,80.0,100.0,NEGATIVE_PARTICLE_LITHIUM_DELTA_OVER_FROZEN_Q_REF_V1,4.86364618924218,0,20.0,W10_80_PERCENT_DISCHARGE_WINDOW,14.55,3.0000000000000004,2.9915827413973717,4.85,100.0,4.86364618924218,0,,,,0.7601787634977624,0.11475368694920585,0.1510475481953806,0.9727292378484358,,,,,-0.21267093706310786,0.21267093706310786,,,2.3544643888595562e-05,,,0.0002556319720470879,127.96059092372937,99.98415337046772,-0.00015871390350108427,-0.0208784974169502,0.0208784974169502,SOC_UPPER_BOUND_NOT_REACHED,601896.4393894459,605368.8662337048,3472.4268442588354,0.22009677955501192,0.5400819839427504,71.04670767934971,,,,,,,,,,,,,,,,,,,,,,,,,,,,,1,FIRST_UPWARD_CROSSING,charge_timeseries/cycle-020.csv,,,600664.8196604946,609521.2130398046,SOC_UPPER_BOUND_NOT_REACHED,SOC_UPPER_BOUND_NOT_REACHED;NON_MONOTONIC_SOC,False,False,3,charge-efficiency-v1
20,virtual,80-100,80.0,100.0,80.0,,0.0,NEGATIVE_PARTICLE_LITHIUM_DELTA_OVER_FROZEN_Q_REF_V1,4.86364618924218,0,20.0,W10_80_PERCENT_DISCHARGE_WINDOW,14.55,3.0000000000000004,2.9915827413973717,4.85,100.0,4.86364618924218,0,,,,,,,,,,,,,,,,,,,,,,,,,,,,,,,,,,,,,,,,,,,,,,,,,,,,,,,,,,,,0,FIRST_UPWARD_CROSSING,charge_timeseries/cycle-020.csv,,,600664.8196604946,609521.2130398046,SOC_UPPER_BOUND_NOT_REACHED,SOC_UPPER_BOUND_NOT_REACHED;NON_MONOTONIC_SOC,False,False,3,charge-efficiency-v1
21,virtual,20-40,20.0,40.0,20.0,40.0,100.0,NEGATIVE_PARTICLE_LITHIUM_DELTA_OVER_FROZEN_Q_REF_V1,4.86364618924218,0,20.0,W10_80_PERCENT_DISCHARGE_WINDOW,14.55,3.0000000000000004,2.9915827413973717,4.85,100.0,4.86364618924218,0,,,,1.3650746158615374,0.04213512355532744,0.0784289848015022,0.9727292378484359,,,,,0.3922360399449932,0.0,,,4.6832080381288554e-05,,,0.00010119614302379898,71.2583199882095,99.99199032295834,-3.86901552966723e-05,-0.0028342886789564864,0.0028342886789564864,SOC_UPPER_BOUND_NOT_REACHED,633094.7620693139,633919.5448742678,824.7828049538798,0.05839867296684997,1.3066759428946875,95.72194279431437,,,,,,,,,,,,,,,,,,,,,,,,,,,,,1,FIRST_UPWARD_CROSSING,charge_timeseries/cycle-021.csv,,,633094.7620693139,642312.0930426273,SOC_UPPER_BOUND_NOT_REACHED,SOC_UPPER_BOUND_NOT_REACHED;NON_MONOTONIC_SOC,False,False,3,charge-efficiency-v1
21,virtual,40-60,40.0,60.0,40.0,60.0,100.0,NEGATIVE_PARTICLE_LITHIUM_DELTA_OVER_FROZEN_Q_REF_V1,4.86364618924218,0,20.0,W10_80_PERCENT_DISCHARGE_WINDOW,14.55,3.0000000000000004,2.9915827413973717,4.85,100.0,4.86364618924218,0,,,,0.7996718617657095,0.0784289848015022,0.11472284604767696,0.9727292378484358,,,,,-0.17312413090137818,0.17312413090137818,,,3.333567665817546e-05,,,9.020726338858365e-05,121.6410485796772,99.99165222363777,-5.678812139486844e-05,-0.007101427986909262,0.007101427986909262,SOC_UPPER_BOUND_NOT_REACHED,633919.5448742678,634542.5889586572,623.0440843894282,0.0,0.7996718617657095,100.0,,,,,,,,,,,,,,,,,,,,,,,,,,,,,1,FIRST_UPWARD_CROSSING,charge_timeseries/cycle-021.csv,,,633094.7620693139,642312.0930426273,SOC_UPPER_BOUND_NOT_REACHED,SOC_UPPER_BOUND_NOT_REACHED;NON_MONOTONIC_SOC,False,False,3,charge-efficiency-v1
21,virtual,60-80,60.0,80.0,60.0,80.0,100.0,NEGATIVE_PARTICLE_LITHIUM_DELTA_OVER_FROZEN_Q_REF_V1,4.86364618924218,0,20.0,W10_80_PERCENT_DISCHARGE_WINDOW,14.55,3.0000000000000004,2.9915827413973717,4.85,100.0,4.86364618924218,0,,,,0.7660404790595838,0.11472284604767696,0.15101670729385175,0.9727292378484366,,,,,-0.20679519095292856,0.20679519095292856,,,2.2899158719943708e-05,,,0.00024557919647760773,126.98144085578748,99.98610619582317,-0.00016204619112170082,-0.02115373737437922,0.02115373737437922,SOC_UPPER_BOUND_NOT_REACHED,634542.5889586572,638148.5672311384,3605.9782724811103,0.22000741567539306,0.5460330633841908,71.27992296889045,,,,,,,,,,,,,,,,,,,,,,,,,,,,,1,FIRST_UPWARD_CROSSING,charge_timeseries/cycle-021.csv,,,633094.7620693139,642312.0930426273,SOC_UPPER_BOUND_NOT_REACHED,SOC_UPPER_BOUND_NOT_REACHED;NON_MONOTONIC_SOC,False,False,3,charge-efficiency-v1
21,virtual,80-100,80.0,100.0,80.0,,0.0,NEGATIVE_PARTICLE_LITHIUM_DELTA_OVER_FROZEN_Q_REF_V1,4.86364618924218,0,20.0,W10_80_PERCENT_DISCHARGE_WINDOW,14.55,3.0000000000000004,2.9915827413973717,4.85,100.0,4.86364618924218,0,,,,,,,,,,,,,,,,,,,,,,,,,,,,,,,,,,,,,,,,,,,,,,,,,,,,,,,,,,,,0,FIRST_UPWARD_CROSSING,charge_timeseries/cycle-021.csv,,,633094.7620693139,642312.0930426273,SOC_UPPER_BOUND_NOT_REACHED,SOC_UPPER_BOUND_NOT_REACHED;NON_MONOTONIC_SOC,False,False,3,charge-efficiency-v1
22,virtual,20-40,20.0,40.0,20.0,40.0,100.0,NEGATIVE_PARTICLE_LITHIUM_DELTA_OVER_FROZEN_Q_REF_V1,4.86364618924218,0,20.0,W10_80_PERCENT_DISCHARGE_WINDOW,14.55,3.0000000000000004,2.9915827413973717,4.85,100.0,4.86364618924218,0,,,,1.2264260661381177,0.042104499556016056,0.07839836080219083,0.9727292378484362,,,,,0.25363743802174116,0.0,,,3.636627818955117e-05,,,7.868317777505462e-05,79.31413598468718,99.99515745224437,-5.565918802430403e-05,-0.004538323961065893,0.004538323961065893,SOC_UPPER_BOUND_NOT_REACHED,665885.6439395867,666587.5007892905,701.8568497038368,0.05723241967550695,1.1691936464626107,95.33339829805432,,,,,,,,,,,,,,,,,,,,,,,,,,,,,1,FIRST_UPWARD_CROSSING,charge_timeseries/cycle-022.csv,,,665885.6439395867,674737.2730787903,SOC_UPPER_BOUND_NOT_REACHED,SOC_UPPER_BOUND_NOT_REACHED;NON_MONOTONIC_SOC,False,False,3,charge-efficiency-v1
22,virtual,40-60,40.0,60.0,40.0,60.0,100.0,NEGATIVE_PARTICLE_LITHIUM_DELTA_OVER_FROZEN_Q_REF_V1,4.86364618924218,0,20.0,W10_80_PERCENT_DISCHARGE_WINDOW,14.55,3.0000000000000004,2.9915827413973717,4.85,100.0,4.86364618924218,0,,,,0.7497882932421253,0.07839836080219083,0.11469222204836559,0.9727292378484358,,,,,-0.22297051138709625,0.22297051138709625,,,3.447762817721054e-06,,,6.279265332775896e-05,129.7338524241692,99.99605664944995,-3.667363535975188e-05,-0.004891198714396178,0.004891198714396178,SOC_UPPER_BOUND_NOT_REACHED,666587.5007892905,666905.885814988,318.3850256975203,0.0,0.7497882932421253,100.0,,,,,,,,,,,,,,,,,,,,,,,,,,,,,1,FIRST_UPWARD_CROSSING,charge_timeseries/cycle-022.csv,,,665885.6439395867,674737.2730787903,SOC_UPPER_BOUND_NOT_REACHED,SOC_UPPER_BOUND_NOT_REACHED;NON_MONOTONIC_SOC,False,False,3,charge-efficiency-v1
22,virtual,60-80,60.0,80.0,60.0,80.0,100.0,NEGATIVE_PARTICLE_LITHIUM_DELTA_OVER_FROZEN_Q_REF_V1,4.86364618924218,0,20.0,W10_80_PERCENT_DISCHARGE_WINDOW,14.55,3.0000000000000004,2.9915827413973717,4.85,100.0,4.86364618924218,0,,,,0.9542752194700006,0.11469222204836559,0.15098608329454039,0.9727292378484369,,,,,-0.018573196321753836,0.018573196321753836,,,6.397154385949337e-06,,,0.0002839792761610421,101.93382558845921,99.9875111560181,-0.00017119848722957354,-0.01794015853462655,0.01794015853462655,SOC_UPPER_BOUND_NOT_REACHED,666905.885814988,670562.01028494,3656.124469951991,0.21958807039996833,0.7346871490700323,76.98902099522962,,,,,,,,,,,,,,,,,,,,,,,,,,,,,1,FIRST_UPWARD_CROSSING,charge_timeseries/cycle-022.csv,,,665885.6439395867,674737.2730787903,SOC_UPPER_BOUND_NOT_REACHED,SOC_UPPER_BOUND_NOT_REACHED;NON_MONOTONIC_SOC,False,False,3,charge-efficiency-v1
22,virtual,80-100,80.0,100.0,80.0,,0.0,NEGATIVE_PARTICLE_LITHIUM_DELTA_OVER_FROZEN_Q_REF_V1,4.86364618924218,0,20.0,W10_80_PERCENT_DISCHARGE_WINDOW,14.55,3.0000000000000004,2.9915827413973717,4.85,100.0,4.86364618924218,0,,,,,,,,,,,,,,,,,,,,,,,,,,,,,,,,,,,,,,,,,,,,,,,,,,,,,,,,,,,,0,FIRST_UPWARD_CROSSING,charge_timeseries/cycle-022.csv,,,665885.6439395867,674737.2730787903,SOC_UPPER_BOUND_NOT_REACHED,SOC_UPPER_BOUND_NOT_REACHED;NON_MONOTONIC_SOC,False,False,3,charge-efficiency-v1
