cycle,mode,q_ref_ah,q_ref_node,step5_target_ah,window_target_ah,delta_q5_actual_ah,actual_udds_remaining_target_ah,udds_profile_available_ah,udds_guard_ah,udds_actual_ah,window_actual_ah,start_time_s,end_time_s,termination_event,termination_time_s,termination_value,termination_classification,configured_nominal_charge_rate_c,effective_charge_rate_c,useful_charge_efficiency_pct,reversible_retention_pct,charge_efficiency_status,complete_soc_bin_count,output_schema_version,duration_3c_cc_s,duration_4v_cv_s,duration_c4_cc_s,duration_4p2v_cv_s,duration_post_charge_rest_s,duration_rpt_recovery_cc_s,duration_rpt_recovery_cv_s,duration_rpt_recovery_rest_s,duration_step5_c4_discharge_s,duration_step6_udds_s,wall_clock_3c_cc_s,wall_clock_4v_cv_s,wall_clock_c4_cc_s,wall_clock_4p2v_cv_s,wall_clock_post_charge_rest_s,wall_clock_rpt_recovery_cc_s,wall_clock_rpt_recovery_cv_s,wall_clock_rpt_recovery_rest_s,wall_clock_step5_c4_discharge_s,wall_clock_step6_udds_s,terminal_voltage_v,temperature_k,temperature_min_k,temperature_max_k,ambient_temperature_k,temperature_rise_max_k,charge_ah,discharge_ah,net_ah,lli_pct,normal_sei_loss_ah,sei_on_cracks_loss_ah,total_sei_loss_ah,sei_loss_ah,total_plated_lithium_ah,dead_lithium_ah,reversible_plated_lithium_ah,plating_loss_ah,dead_lithium_loss_ah,negative_sei_thickness_m,negative_sei_on_cracks_thickness_m,negative_electrode_min_potential_v,negative_lam_pct,positive_lam_pct,negative_porosity,positive_porosity,negative_active_material_fraction,positive_active_material_fraction,step5_relative_error,udds_profile_net_discharge_ah,udds_profile_target_error
1,virtual,4.86718922124331,0,0.973437844248662,3.893751376994648,0.9734378442486613,2.9203135327459866,2.9349151004097207,0.014601567663729933,2.920313532746174,3.8937513769948353,0.0,31099.43306914321,event: W10_CAPACITY_WINDOW [experiment],31099.43306914321,3.893751376994648,EXPECTED_PROTOCOL_EVENT,3.0,2.989405042338429,99.65319999872567,99.98589169368329,SOC_UPPER_BOUND_NOT_REACHED,3,3,27.293758135442875,2820.0216134239067,3009.5009791188404,1648.3173708579834,1800.0,0.0,0.0,0.0,2890.2072076667228,18904.092139940316,0.4220000000204891,0.75,0.5619999999180436,0.5779999999795109,0.4059999999590218,0.0,0.0,0.0,0.7970000000204891,136.39100000006147,3.391268850699499,297.1571956081773,296.15,330.44864409629395,296.15,34.29864409629397,4.8122379128485235,4.804057478182844,-0.008180434665679748,0.017601621671460066,0.0010521635585997195,0.0061996768735743365,0.007251840432174056,0.007251840432174056,0.00020338429065811566,0.00017427288129683602,2.9111409361279642e-05,0.00020338429065811566,0.00017427288129683602,6.171198110543885e-09,3.617090145751773e-09,-0.19590867672976703,0.00029646196587407303,0.00038333288567571344,0.24688864262434987,0.33499999999999996,0.749997776535256,0.6649974508363105,6.843105789556009e-16,2.9349151004097207,1.361812097424081e-15
2,virtual,4.86718922124331,0,0.973437844248662,3.893751376994648,0.9734378442486622,2.9203135327459857,2.934915100409719,0.014601567663729928,2.920313532745986,3.8937513769946483,31099.43306914321,62180.149308581575,event: W10_CAPACITY_WINDOW [experiment],62180.149308581575,3.893751376994648,EXPECTED_PROTOCOL_EVENT,3.0,2.989405042338429,99.66233514485906,99.98856767860518,SOC_UPPER_BOUND_NOT_REACHED,3,3,27.266526649793988,2792.074578763694,3002.688145028796,1664.383180843175,1800.0,0.0,0.0,0.0,2890.2072076667246,18904.096600486177,0.42199999978765845,0.7660000000614673,0.5470000000204891,0.5779999999795109,0.375,0.0,0.0,0.0,0.7970000000204891,134.56200000015087,3.3905991531907005,297.1635623158956,296.1806139273433,330.6086965822374,296.15,34.45869658223745,4.804039522027059,4.80406095162322,2.142959616069362e-05,0.032276039933123,0.0019352262838141301,0.008770357584129711,0.010705583867943841,0.010705583867943841,0.0003633053323921419,0.00033474314283359584,2.856218955854604e-05,0.0003633053323921419,0.00033474314283359584,7.1541732465102695e-09,5.116762000261123e-09,-0.1970389372022567,0.0005928674478639095,0.0007580414552137427,0.24540326861486117,0.33499999999999996,0.7499955534941412,0.664994959024323,2.2810352631853363e-16,2.934915100409719,1.0591871868853966e-15
3,virtual,4.86718922124331,0,0.973437844248662,3.893751376994648,0.9734378442486622,2.9203135327459857,2.934915100409719,0.014601567663729928,2.920313532745986,3.8937513769946483,62180.149308581575,93325.26472803348,event: W10_CAPACITY_WINDOW [experiment],93325.26472803348,3.893751376994648,EXPECTED_PROTOCOL_EVENT,3.0,2.989405042338429,99.668290056322,99.98870895873809,SOC_UPPER_BOUND_NOT_REACHED,3,3,26.294744062409137,2852.4650849561326,2996.064002960953,1675.985807117334,1800.0,0.0,0.0,0.0,2890.2072076667246,18904.098572688352,0.40699999989010394,0.7809999999590218,0.5470000000204891,0.5619999999180436,0.375,0.0,0.0,0.0,0.921000000089407,136.06199999991804,3.3900457961810853,297.16863299704335,296.1804754753035,331.69687793876454,296.15,35.54687793876457,4.804158739110293,4.804085079828237,-7.365928205604888e-05,0.04477010646475321,0.0027142555624393404,0.010750979802553653,0.013465235364992993,0.013465235364992993,0.00046863967165170536,0.0004404931864663042,2.8146485185401185e-05,0.00046863967165170536,0.0004404931864663042,8.021351910085491e-09,6.27218306708467e-09,-0.19887006894260834,0.0008892327234946151,0.0011313383459423676,0.24421770737550638,0.33499999999999996,0.7499933307545739,0.6649924765999997,2.2810352631853363e-16,2.934915100409719,1.0591871868853966e-15
4,virtual,4.86718922124331,0,0.973437844248662,3.893751376994648,0.9734378442486613,2.9203135327459866,2.9349151004097207,0.014601567663729933,2.9203135327461394,3.8937513769948007,93325.26472803348,124407.86094179965,event: W10_CAPACITY_WINDOW [experiment],124407.86094179965,3.893751376994648,EXPECTED_PROTOCOL_EVENT,3.0,2.989405042338429,99.66941759358116,99.98941309544966,SOC_UPPER_BOUND_NOT_REACHED,3,3,25.561164760777014,2787.8846085497394,2991.849965169434,1682.9935223435687,1800.0,0.0,0.0,0.0,2890.2072076667246,18904.09974527592,0.6720000000204891,0.75,0.5309999999590218,0.5780000002123415,0.375,0.0,0.0,0.0,0.7970000000204891,136.61000000010245,3.3895610909998437,297.1729701636765,296.1806454270874,329.452263593525,296.15,33.302263593525026,4.804121513096606,4.804087411838724,-3.410125788239071e-05,0.056916423997961374,0.0034121245093402513,0.012408588873928879,0.015820713383269132,0.015820713383269132,0.000629962868448078,0.0006021603717760891,2.7802496671988858e-05,0.000629962868448078,0.0006021603717760891,8.79819379745698e-09,7.2391489576437575e-09,-0.20030483391825885,0.0011855670955895903,0.0015026210989930178,0.24320164078648096,0.33499999999999996,0.7499911082467832,0.6649900075696918,6.843105789556009e-16,2.9349151004097207,1.361812097424081e-15
5,virtual,4.86718922124331,0,0.973437844248662,3.893751376994648,0.9734378442486618,2.920313532745986,2.9349151004097207,0.014601567663729931,2.9203135327459875,3.8937513769946492,124407.86094179965,155511.80144821608,event: W10_CAPACITY_WINDOW [experiment],155511.80144821608,3.893751376994648,EXPECTED_PROTOCOL_EVENT,3.0,2.989405042338429,99.6742519918984,99.99129934909328,SOC_UPPER_BOUND_NOT_REACHED,3,3,24.958291788289095,2807.359117081958,2987.2604176925956,1690.054844221093,1800.0,0.0,0.0,0.0,2890.20720766671,18904.10062796579,0.43700000015087426,0.7970000000204891,0.5469999997876585,0.5940000000409782,0.6409999998286366,0.0,0.0,0.0,0.8279999999795109,137.39099999982864,3.389118020654754,297.1768788842517,296.18063609362054,329.3256175817305,296.15,33.175617581730535,4.804075016894027,4.804087037585929,1.2020691902314695e-05,0.06811305598668582,0.004053488774957476,0.013870193385165343,0.01792368216012282,0.01792368216012282,0.0007787540496102454,0.0007512523140837595,2.7501735526485834e-05,0.0007787540496102454,0.0007512523140837595,9.512143104589703e-09,8.091757127361364e-09,-0.20154383212155474,0.0014818766163955388,0.0018724251285817672,0.2422942208191559,0.33499999999999996,0.7499888859253772,0.6649875483728951,2.2810352631853363e-16,2.9349151004097207,1.5131245526934236e-15
6,virtual,4.86718922124331,0,0.973437844248662,3.893751376994648,0.9734378442486622,2.9203135327459857,2.934915100409719,0.014601567663729928,2.920313532745986,3.8937513769946483,155511.80144821608,186696.00388783318,event: W10_CAPACITY_WINDOW [experiment],186696.00388783318,3.893751376994648,EXPECTED_PROTOCOL_EVENT,3.0,2.989405042338429,99.67990618004588,99.99190336452972,SOC_UPPER_BOUND_NOT_REACHED,3,3,24.43589835248403,2883.5625335042437,2984.255980247482,1697.6394713970994,1800.0,0.0,0.0,0.0,2890.20720766671,18904.101348449098,0.4220000000204891,0.75,0.5309999999590218,0.5940000000409782,0.375,0.0,0.0,0.0,0.7810000001918525,136.5930000001099,3.388704060199414,297.18048910946095,296.1804787025408,330.22953825759873,296.15,34.079538257598756,4.804113224630213,4.8040839174090815,-2.9307221131702477e-05,0.07792164796980217,0.004652783910101602,0.015198022563907445,0.019850806474009046,0.019850806474009046,0.0008687439477960678,0.0008415146941991255,2.7229253596942307e-05,0.0008687439477960678,0.0008415146941991255,1.0179267996581533e-08,8.86631263962248e-09,-0.20282743718109583,0.0017781632364375355,0.002239052951637177,0.24146536365781068,0.33499999999999996,0.7499866637757269,0.6649851102978718,2.2810352631853363e-16,2.934915100409719,1.0591871868853966e-15
7,virtual,4.86718922124331,0,0.973437844248662,3.893751376994648,0.9734378442486622,2.9203135327459857,2.934915100409719,0.014601567663729928,2.9203135327459866,3.893751376994649,186696.00388783318,217841.12115677152,event: W10_CAPACITY_WINDOW [experiment],217841.12115677152,3.893751376994648,EXPECTED_PROTOCOL_EVENT,3.0,2.989405042338429,99.67885693477352,99.99087805341114,SOC_UPPER_BOUND_NOT_REACHED,3,3,23.969276153619596,2845.6978113918494,2979.5988309661752,1701.5420232656943,1800.0,0.0,0.0,0.0,2890.207207666739,18904.10211949426,0.39099999982863665,0.7660000000614673,0.5619999999180436,0.5779999999795109,0.375,0.0,0.0,0.0,0.7809999999590218,139.34400000004098,3.3883157512078323,297.18386145106007,296.1806293731661,329.10272671038416,296.15,32.952726710384184,4.804132004673188,4.804081328796421,-5.0675876766881345e-05,0.08776205650309521,0.0052130175116743525,0.016414252641931384,0.021627270153605736,0.021627270153605736,0.0010001018655103034,0.0009731205347088296,2.698133080147381e-05,0.0010001018655103034,0.0009731205347088296,1.080291592976957e-08,9.575754013166792e-09,-0.20377485623082925,0.002074428025437669,0.0026062880604484917,0.24069849959890685,0.33499999999999996,0.7499844417898093,0.6649826681843982,2.2810352631853363e-16,2.934915100409719,1.0591871868853966e-15
8,virtual,4.86718922124331,0,0.973437844248662,3.893751376994648,0.9734378442486618,2.920313532745986,2.9349151004097207,0.014601567663729931,2.920313532746139,3.8937513769948007,217841.12115677152,249006.3763023476,event: W10_CAPACITY_WINDOW [experiment],249006.3763023476,3.893751376994648,EXPECTED_PROTOCOL_EVENT,3.0,2.989405042338429,99.68247243111732,99.99227632205097,SOC_UPPER_BOUND_NOT_REACHED,3,3,23.548041939383577,2864.9243377770354,2976.3149041238544,1706.1584849814635,1800.0,0.0,0.0,0.0,2890.207207666739,18904.102169087593,0.4059999999590218,0.7809999999590218,0.5630000000819564,0.5619999999180436,0.48499999986961484,0.0,0.0,0.0,0.7970000000204891,136.4210000000894,3.3879443784687906,297.18705194194774,296.18063742768027,329.0066090485083,296.15,32.856609048508346,4.804093555931749,4.804084622521002,-8.933410746259085e-06,0.0970891074881024,0.005742880289960086,0.017546937170949507,0.023289817460909593,0.023289817460909593,0.0011245316038914412,0.0010977801830653435,2.67514208260977e-05,0.0011245316038914412,0.0010977801830653435,1.1392760513349345e-08,1.0236447987034374e-08,-0.20451094024259073,0.0023706736998718725,0.002972385271789335,0.2399807239934153,0.33499999999999996,0.7499822199472511,0.6649802336379428,2.2810352631853363e-16,2.9349151004097207,1.5131245526934236e-15
9,virtual,4.86718922124331,0,0.973437844248662,3.893751376994648,0.9734378442486622,2.9203135327459857,2.934915100409719,0.014601567663729928,2.9203135327459857,3.893751376994648,249006.3763023476,280191.2255983101,event: W10_CAPACITY_WINDOW [experiment],280191.2255983101,3.893751376994648,EXPECTED_PROTOCOL_EVENT,3.0,2.989405042338429,99.68539966049681,99.99314856671423,SOC_UPPER_BOUND_NOT_REACHED,3,3,23.161226006262325,2883.8434323924353,2973.25890940595,1710.2757751126874,1800.0,0.0,0.0,0.0,2890.20720766671,18904.102745378477,0.4220000000204891,0.796000000089407,0.5629999998491257,0.5779999999795109,0.375,0.0,0.0,0.0,0.7970000000204891,138.0470000000205,3.387589388402851,297.1901013052096,296.1806510444836,328.9146860805158,296.15,32.764686080515844,4.804076330544313,4.804088341647878,1.2011103565079395e-05,0.1059823516986853,0.006246864446981535,0.01861132668438004,0.024858191131361576,0.024858191131361576,0.001243327762249978,0.001216791992237473,2.6535770012504987e-05,0.001243327762249978,0.001216791992237473,1.1953801920783127e-08,1.0857292109288659e-08,-0.20607840603439637,0.0026669011558340117,0.0033373988772922303,0.23930352393188792,0.33499999999999996,0.7499799982413313,0.6649778062974662,2.2810352631853363e-16,2.934915100409719,1.0591871868853966e-15
10,virtual,4.86718922124331,0,0.973437844248662,3.893751376994648,0.9734378442486622,2.9203135327459857,2.934915100409719,0.014601567663729928,2.920313532745986,3.8937513769946483,280191.2255983101,311395.2363809553,event: W10_CAPACITY_WINDOW [experiment],311395.2363809553,3.893751376994648,EXPECTED_PROTOCOL_EVENT,3.0,2.989405042338429,99.6872515453405,99.99309629267789,SOC_UPPER_BOUND_NOT_REACHED,3,3,22.80274630048835,2902.5720487609956,2970.3574259508123,1713.9683954971351,1800.0,0.0,0.0,0.0,2890.20720766671,18904.10295846907,0.40600000019185245,0.7819999998901039,0.5619999999180436,0.5779999999795109,0.375,0.0,0.0,0.0,0.7969999997876585,138.31299999984913,3.3872465977544772,297.193027717879,296.1806706320057,328.81829447888845,296.15,32.66829447888847,4.8040929754350685,4.804092037399649,-9.380354191179663e-07,0.11450707967911455,0.006728444585240341,0.019618512691360175,0.026346957276600518,0.026346957276600518,0.001357764371268907,0.0013314323963893365,2.6331974879570397e-05,0.001357764371268907,0.0013314323963893365,1.248990764520234e-08,1.1444757496352542e-08,-0.20863043478868923,0.0029631110603247635,0.003701392318617991,0.2386606001396966,0.33499999999999996,0.7499777766670477,0.6649753857410814,2.2810352631853363e-16,2.934915100409719,1.0591871868853966e-15
11,virtual,4.86718922124331,0,0.973437844248662,3.893751376994648,0.9734378442486618,2.920313532745986,2.9349151004097207,0.014601567663729931,2.92031353274614,3.8937513769948016,311395.2363809553,342618.2083295483,event: W10_CAPACITY_WINDOW [experiment],342618.2083295483,3.893751376994648,EXPECTED_PROTOCOL_EVENT,3.0,2.989405042338429,99.68940687719143,99.99341811320264,SOC_UPPER_BOUND_NOT_REACHED,3,3,22.46766648123175,2921.1844654176857,2967.6586785409336,1717.3509098793184,1800.0,0.0,0.0,0.0,2890.20720766671,18904.103020607086,0.4380000000819564,0.75,0.5470000000204891,0.5930000001098961,0.375,0.0,0.0,0.0,0.9059999999590218,137.68700000015087,3.386914581989883,297.1958576528205,296.1806926008542,328.7385494314559,296.15,32.58854943145593,4.804101235423326,4.804102656760668,1.4213373420446374e-06,0.1227007788407235,0.0071904064694031464,0.02057692711583348,0.027767333585236628,0.027767333585236628,0.001467782488795232,0.0014416440445936924,2.6138444201539686e-05,0.001467782488795232,0.0014416440445936924,1.30041784443683e-08,1.2003763614862581e-08,-0.20708176918681553,0.0032593039940991275,0.0040643871353864824,0.23804716169361193,0.33499999999999996,0.7499755552200443,0.6649729718255498,2.2810352631853363e-16,2.9349151004097207,1.5131245526934236e-15
12,virtual,4.86718922124331,0,0.973437844248662,3.893751376994648,0.9734378442486622,2.9203135327459857,2.934915100409719,0.014601567663729928,2.9203135327461385,3.8937513769948007,342618.2083295483,373859.95554821397,event: W10_CAPACITY_WINDOW [experiment],373859.95554821397,3.893751376994648,EXPECTED_PROTOCOL_EVENT,3.0,2.989405042338429,99.69025352523691,99.99252292530718,SOC_UPPER_BOUND_NOT_REACHED,3,3,22.152725560048804,2939.7667042662347,2965.0879879701874,1720.4292630165646,1800.0,0.0,0.0,0.0,2890.20720766671,18904.103330185928,0.43700000015087426,0.7819999998901039,0.5470000000204891,0.5930000001098961,0.375,0.0,0.0,0.0,0.8119999999180436,136.9069999998901,3.38659249290426,297.19859364409075,296.1807189060685,328.6571305380927,296.15,32.507130538092724,4.804142031665674,4.804100020111384,-4.2011554290510844e-05,0.13060099287054072,0.007634983986433353,0.02149307813355504,0.029128062119988394,0.029128062119988394,0.0015738774700978998,0.0015479243870058247,2.5953083092075105e-05,0.0015738774700978998,0.0015479243870058247,1.3499100787189025e-08,1.2538107583474606e-08,-0.20805051288122214,0.003555480328756744,0.004426443289560211,0.2374594436007411,0.33499999999999996,0.7499733338975344,0.6649705641521246,2.2810352631853363e-16,2.934915100409719,1.0591871868853966e-15
13,virtual,4.86718922124331,0,0.973437844248662,3.893751376994648,0.9734378442486613,2.9203135327459866,2.9349151004097207,0.014601567663729933,2.9203135327461403,3.8937513769948016,373859.95554821397,405119.9975954874,event: W10_CAPACITY_WINDOW [experiment],405119.9975954874,3.893751376994648,EXPECTED_PROTOCOL_EVENT,3.0,2.989405042338429,99.69293195644357,99.99357068663815,SOC_UPPER_BOUND_NOT_REACHED,3,3,21.855191523419048,2958.057761677114,2962.593157392566,1723.2252108932707,1800.0,0.0,0.0,0.0,2890.20720766671,18904.103518120362,0.4369999999180436,0.7810000001918525,0.5469999997876585,0.6100000001024455,0.4059999999590218,0.0,0.0,0.0,0.7970000000204891,138.4680000001099,3.3862784975249753,297.20125312503916,296.18075069791234,328.57425891486304,296.15,32.42425891486306,4.804112840651541,4.804104220451935,-8.620199606568235e-06,0.13824388006733557,0.008064017366492236,0.022372145032193754,0.03043616239868599,0.03043616239868599,0.0016768392769458686,0.0016510640681232866,2.5775208822582073e-05,0.0016768392769458686,0.0016510640681232866,1.3976722969595434e-08,1.3050811218539477e-08,-0.20835620846734212,0.003851640409507695,0.004787588526056652,0.23689439999183864,0.33499999999999996,0.7499711126969288,0.6649681625363019,6.843105789556009e-16,2.9349151004097207,1.361812097424081e-15
14,virtual,4.86718922124331,0,0.973437844248662,3.893751376994648,0.9734378442486613,2.9203135327459866,2.9349151004097207,0.014601567663729933,2.92031353274614,3.893751376994801,405119.9975954874,436398.1058605779,event: W10_CAPACITY_WINDOW [experiment],436398.1058605779,3.893751376994648,EXPECTED_PROTOCOL_EVENT,3.0,2.989405042338429,99.69511926426301,99.99419130849485,SOC_UPPER_BOUND_NOT_REACHED,3,3,21.572868234029816,2976.2248201724897,2960.1944680651604,1725.805213287048,1800.0,0.0,0.0,0.0,2890.20720766671,18904.103687665076,0.4059999999590218,0.8120000001508743,0.5629999998491257,0.5620000001508743,0.375,0.0,0.0,0.0,0.7819999998901039,137.76600000006147,3.385971856810521,297.2038427454386,296.1807858553178,328.4968453024474,296.15,32.346845302447434,4.804087284846755,4.804095851166108,8.566319352532048e-06,0.1456537183119906,0.008479051285600519,0.023218344608246518,0.031697395893847034,0.031697395893847034,0.0017768889547166854,0.0017512851006652808,2.5603854051404595e-05,0.0017768889547166854,0.0017512851006652808,1.4438764312174792e-08,1.3544334794362727e-08,-0.2090850231033964,0.004147784425327927,0.00514784353188702,0.2363495556519434,0.33499999999999996,0.7499688916168101,0.6649657668405131,6.843105789556009e-16,2.9349151004097207,1.361812097424081e-15
15,virtual,4.86718922124331,0,0.973437844248662,3.893751376994648,0.9734378442486622,2.9203135327459857,2.934915100409719,0.014601567663729928,2.9203135327461385,3.8937513769948007,436398.1058605779,467694.0206008366,event: W10_CAPACITY_WINDOW [experiment],467694.0206008366,3.893751376994648,EXPECTED_PROTOCOL_EVENT,3.0,2.989405042338429,99.69673838209938,99.99432708374486,SOC_UPPER_BOUND_NOT_REACHED,3,3,21.304036511060552,2994.2708006511634,2957.8400110671405,1728.188888882386,1800.0,0.0,0.0,0.0,2890.20720766671,18904.103795480274,0.4220000000204891,0.8129999998491257,0.5470000000204891,0.5930000001098961,0.3910000000614673,0.0,0.0,0.0,0.9219999997876585,137.56299999984913,3.3856717415364237,297.2063812508796,296.18082476802806,328.41491403782834,296.15,32.26491403782836,4.804095326797805,4.804102892920083,7.5661222780354365e-06,0.15285720547741732,0.008881382397022472,0.02403513471645224,0.032916517113474715,0.032916517113474715,0.0018746716213790889,0.0018492330534923716,2.5438567886717275e-05,0.0018746716213790889,0.0018492330534923716,1.4886668065578738e-08,1.4020695800089945e-08,-0.20973147035427758,0.004443912432776642,0.005507234857532239,0.23582284115279675,0.33499999999999996,0.7499666706567543,0.6649633768881976,2.2810352631853363e-16,2.934915100409719,1.0591871868853966e-15
16,virtual,4.86718922124331,0,0.973437844248662,3.893751376994648,0.9734378442486622,2.9203135327459857,2.934915100409719,0.014601567663729928,2.920313532745987,3.8937513769946492,467694.0206008366,499007.7420889971,event: W10_CAPACITY_WINDOW [experiment],499007.7420889971,3.893751376994648,EXPECTED_PROTOCOL_EVENT,3.0,2.989405042338429,99.69719577470097,99.99337996043738,SOC_UPPER_BOUND_NOT_REACHED,3,3,21.047200016065037,3012.418622481595,2955.496559322244,1730.4477672718476,1800.0,0.0,0.0,0.0,2890.20720766671,18904.10413140204,0.43799999984912574,0.7809999999590218,0.5470000000204891,0.8279999999795109,0.375,0.0,0.0,0.0,0.8129999998491257,138.03100000019185,3.3853781177762547,297.2088570827535,296.1808656288146,328.32508753885685,296.15,32.17508753885687,4.8041319115112735,4.804096633229856,-3.5278281417916446e-05,0.15988032908522598,0.009272118404690246,0.024825405653394014,0.034097524058084264,0.034097524058084264,0.001970970197218389,0.0019456921251166967,2.5278072101692344e-05,0.001970970197218389,0.0019456921251166967,1.5321667165140316e-08,1.4481580594761424e-08,-0.21040338957797314,0.004740024586169511,0.0058657798117423,0.23531250240343526,0.33499999999999996,0.7499644498156038,0.6649609925642521,2.2810352631853363e-16,2.934915100409719,1.0591871868853966e-15
17,virtual,4.86718922124331,0,0.973437844248662,3.893751376994648,0.9734378442486618,2.920313532745986,2.9349151004097207,0.014601567663729931,2.9203135327459866,3.8937513769946483,499007.7420889971,530338.900412769,event: W10_CAPACITY_WINDOW [experiment],530338.900412769,3.893751376994648,EXPECTED_PROTOCOL_EVENT,3.0,2.989405042338429,99.69900895791868,99.99369237280717,SOC_UPPER_BOUND_NOT_REACHED,3,3,20.80120490955011,3029.814316060038,2953.4088933477983,1732.8224052953774,1800.0,0.0,0.0,0.0,2890.20720766671,18904.10429649247,0.4380000000819564,0.8119999999180436,0.5310000001918525,0.5939999998081475,0.40600000019185245,0.0,0.0,0.0,0.7809999999590218,136.8289999999106,3.385089952288995,297.21129199688284,296.1808974144608,328.276154867284,296.15,32.126154867284015,4.80412360801945,4.80409177570759,-3.183231185932556e-05,0.16670953959045676,0.009652244011790167,0.025591661976921868,0.035243905988712035,0.035243905988712035,0.0020638110972829833,0.0020386888592458714,2.5122238037111975e-05,0.0020638110972829833,0.0020386888592458714,1.5744857639833823e-08,1.4928450478685616e-08,-0.21090848382166708,0.005036120932132349,0.006223513004044889,0.2348171625207221,0.33499999999999996,0.7499622290930091,0.6649586136385233,2.2810352631853363e-16,2.9349151004097207,1.5131245526934236e-15
18,virtual,4.86718922124331,0,0.973437844248662,3.893751376994648,0.9734378442486622,2.9203135327459857,2.934915100409719,0.014601567663729928,2.9203135327459866,3.893751376994649,530338.900412769,561687.7046113621,event: W10_CAPACITY_WINDOW [experiment],561687.7046113621,3.893751376994648,EXPECTED_PROTOCOL_EVENT,3.0,2.989405042338429,99.70150641350412,99.99481236670815,SOC_UPPER_BOUND_NOT_REACHED,3,3,20.564989154053638,3047.5094064095465,2951.2161705304216,1735.2020420284507,1800.0,0.0,0.0,0.0,2890.20720766671,18904.10438280378,0.40600000019185245,0.7819999998901039,0.5619999999180436,0.5779999999795109,0.375,0.0,0.0,0.0,0.7970000000204891,139.48399999993853,3.384807012636318,297.21367475142665,296.1809283211584,328.1985168126536,296.15,32.048516812653645,4.804082492287374,4.804086627931232,4.1356438584827515e-06,0.17338091874246686,0.010022574520119266,0.026335963040193772,0.03635853756031304,0.03635853756031304,0.0021550047923740803,0.0021300342216062948,2.4970570767785492e-05,0.0021550047923740803,0.0021300342216062948,1.6157146958199616e-08,1.5362507014013163e-08,-0.21158884957022533,0.0053322013887822095,0.006580451236345652,0.23433548796072723,0.33499999999999996,0.7499600084895842,0.6649562399992784,2.2810352631853363e-16,2.934915100409719,1.0591871868853966e-15
19,virtual,4.86718922124331,0,0.973437844248662,3.893751376994648,0.9734378442486618,2.920313532745986,2.9349151004097207,0.014601567663729931,2.920313532746139,3.8937513769948007,561687.7046113621,593054.2763894683,event: W10_CAPACITY_WINDOW [experiment],593054.2763894683,3.893751376994648,EXPECTED_PROTOCOL_EVENT,3.0,2.989405042338429,99.70071146207697,99.99261059894413,SOC_UPPER_BOUND_NOT_REACHED,3,3,20.337685458990723,3065.0557443337284,2949.106896906467,1737.7597762474752,1800.0,0.0,0.0,0.0,2890.20720766671,18904.1044674929,0.4220000000204891,0.875,0.5469999997876585,0.5780000002123415,0.375,0.0,0.0,0.0,0.7970000000204891,137.18800000008196,3.384529198136713,297.21601729825784,296.18095017909025,328.13285526579966,296.15,31.982855265799685,4.804176113859674,4.804086113680512,-9.000017916171998e-05,0.17990047867075987,0.010383851202319345,0.027060139992058908,0.03744399119437825,0.03744399119437825,0.0022442472000446896,0.0022194245168541695,2.482268319052008e-05,0.0022442472000446896,0.0022194245168541695,1.6559360191862305e-08,1.5784818613447588e-08,-0.22057513624337013,0.005628265770681651,0.006936596121519756,0.23386639691876143,0.33499999999999996,0.74995778800672,0.6649538716357921,2.2810352631853363e-16,2.9349151004097207,1.5131245526934236e-15
20,virtual,4.86718922124331,0,0.973437844248662,3.893751376994648,0.9734378442486618,2.920313532745986,2.9349151004097207,0.014601567663729931,2.920313532746139,3.8937513769948007,593054.2763894683,624438.5753756438,event: W10_CAPACITY_WINDOW [experiment],624438.5753756438,3.893751376994648,EXPECTED_PROTOCOL_EVENT,3.0,2.989405042338429,99.70254897050947,99.99306485354167,SOC_UPPER_BOUND_NOT_REACHED,3,3,20.11853414923873,3082.377430953831,2947.0178800617687,1740.473199076103,1800.0,0.0,0.0,0.0,2890.20720766671,18904.104734267807,0.4220000000204891,0.8130000000819564,0.546000000089407,0.5939999998081475,0.375,0.0,0.0,0.0,0.7970000000204891,139.625,3.384256512637077,297.21832596477594,296.18096480105544,328.0658134992891,296.15,31.91581349928913,4.804166735402547,4.8040867513331875,-7.998406935971758e-05,0.18628081444646227,0.010736717655817825,0.02776576591111985,0.038502483566937674,0.038502483566937674,0.0023318104995714156,0.0023071323855805496,2.467811399086599e-05,0.0023318104995714156,0.0023071323855805496,1.6952213691994892e-08,1.6196303123900474e-08,-0.212724226149403,0.0059243140673572725,0.007291964442103449,0.23340892623043175,0.33499999999999996,0.7499555676444949,0.6649515084364602,2.2810352631853363e-16,2.9349151004097207,1.5131245526934236e-15
21,virtual,4.86718922124331,0,0.973437844248662,3.893751376994648,0.9734378442486613,2.9203135327459866,2.9349151004097207,0.014601567663729933,2.920313532745987,3.8937513769946483,624438.5753756438,655840.9887123352,event: W10_CAPACITY_WINDOW [experiment],655840.9887123352,3.893751376994648,EXPECTED_PROTOCOL_EVENT,3.0,2.989405042338429,99.7049184340998,99.99409657455024,SOC_UPPER_BOUND_NOT_REACHED,3,3,19.906912619187892,3099.9540301209454,2944.8882133469347,1743.3520243953571,1800.0,0.0,0.0,0.0,2890.20720766671,18904.104948542314,0.4369999999180436,0.8130000000819564,0.546000000089407,0.5939999998081475,0.375,0.0,0.0,0.0,0.8120000001508743,137.8430000001099,3.3839882453219685,297.22060497781484,296.18097250200674,327.9860106269552,296.15,31.836010626955215,4.804134609277049,4.804087664736728,-4.6944540320836836e-05,0.19254056475875814,0.01108174121935731,0.028454212277700442,0.039535953497057755,0.039535953497057755,0.002418483049641307,0.0023939462361404606,2.4536813500846463e-05,0.002418483049641307,0.0023939462361404606,1.7336338928226358e-08,1.6597760772378465e-08,-0.22111027542735817,0.00622034618744749,0.0076465805365870665,0.23296220156584865,0.33499999999999996,0.7499533474035942,0.6649491502394319,6.843105789556009e-16,2.9349151004097207,1.361812097424081e-15
22,virtual,4.86718922124331,0,0.973437844248662,3.893751376994648,0.9734378442486618,2.920313532745986,2.9349151004097207,0.014601567663729931,2.9203135327459866,3.8937513769946483,655840.9887123352,687261.2692645642,event: W10_CAPACITY_WINDOW [experiment],687261.2692645642,3.893751376994648,EXPECTED_PROTOCOL_EVENT,3.0,2.989405042338429,99.70673917375848,99.99451602346961,SOC_UPPER_BOUND_NOT_REACHED,3,3,19.702222090194446,3116.876215372559,2942.8714940670316,1746.518125215338,1800.0,0.0,0.0,0.0,2890.20720766671,18904.105287817074,0.42199999978765845,0.8280000002123415,0.5469999997876585,0.6100000001024455,0.4220000000204891,0.0,0.0,0.0,0.7970000000204891,140.5,3.383724525387061,297.2228485035802,296.1809677594473,327.92732271427883,296.15,31.777322714278853,4.8041298359900875,4.804091356388128,-3.847960195990652e-05,0.19867625267806943,0.011419444097638436,0.029126721160406824,0.04054616525804526,0.04054616525804526,0.0025034900236822026,0.002479091744877778,2.4398278804424554e-05,0.0025034900236822026,0.002479091744877778,1.771231713496083e-08,1.698991627681887e-08,-0.2208406600897302,0.00651636190646343,0.008000419507325773,0.23252551380127232,0.33499999999999996,0.7499511272857017,0.6649467972102765,2.2810352631853363e-16,2.9349151004097207,1.5131245526934236e-15
23,virtual,4.86718922124331,0,0.973437844248662,3.893751376994648,0.9734378442486618,2.920313532745986,2.9349151004097207,0.014601567663729931,2.9203135327461394,3.893751376994801,687261.2692645642,718699.7446136413,event: W10_CAPACITY_WINDOW [experiment],718699.7446136413,3.893751376994648,EXPECTED_PROTOCOL_EVENT,3.0,2.989405042338429,99.70940811625901,99.99578265166635,SOC_UPPER_BOUND_NOT_REACHED,3,3,19.5039858768614,3133.867028554949,2940.868188136726,1749.9234456169243,1800.0,0.0,0.0,0.0,2890.20720766671,18904.105493224924,0.3910000000614673,0.8119999999180436,0.5470000000204891,0.5779999999795109,0.375,0.0,0.0,0.0,0.7809999999590218,137.84399999980815,3.3834646156922785,297.22506559941974,296.1809530923704,327.86542668973675,296.15,31.715426689736773,4.8040859402325795,4.804089310697673,3.370465093688324e-06,0.20469570701298778,0.011750280786065208,0.029784367893826758,0.04153464867989197,0.04153464867989197,0.0025869440900635086,0.0025626815410553427,2.4262549008165907e-05,0.0025869440900635086,0.0025626815410553427,1.8080654180093525e-08,1.737339707869904e-08,-0.22092666662150087,0.006812361121532717,0.00835353544506745,0.2320982025699601,0.33499999999999996,0.7499489072915886,0.6649444489892905,2.2810352631853363e-16,2.9349151004097207,1.5131245526934236e-15
24,virtual,4.86718922124331,0,0.973437844248662,3.893751376994648,0.9734378442486618,2.920313532745986,2.9349151004097207,0.014601567663729931,2.920313532746139,3.8937513769948007,718699.7446136413,750108.7311822426,event: W10_CAPACITY_WINDOW [experiment],750108.7311822426,3.893751376994648,EXPECTED_PROTOCOL_EVENT,3.0,2.989405042338429,99.71341640903216,99.99620645675967,SOC_UPPER_BOUND_NOT_REACHED,3,3,19.31168258891405,3098.4302381791144,2942.244724682379,1754.686882374518,1800.0,0.0,0.0,0.0,2890.20720766671,18904.1058331097,0.4059999999590218,0.8120000001508743,0.5629999998491257,0.6090000001713634,0.375,0.0,0.0,0.0,0.7969999997876585,140.46899999980815,3.3832076108205618,297.2272616840679,296.1808907385764,329.73973983168725,296.15,33.58973983168727,4.804087925194574,4.804087310361594,-6.148329800836905e-07,0.21023794781886807,0.01207559071311375,0.03042995644610073,0.04250554715921448,0.04250554715921448,0.0026411777203248156,0.0026170489711434103,2.4128749181405278e-05,0.0026411777203248156,0.0026170489711434103,1.844284104052188e-08,1.774983890087495e-08,-0.2210160740822409,0.007108344014952195,0.008706516991182411,0.2316801006947871,0.33499999999999996,0.749946687419888,0.6649421016620088,2.2810352631853363e-16,2.9349151004097207,1.5131245526934236e-15
25,virtual,4.86718922124331,0,0.973437844248662,3.893751376994648,0.9734378442486618,2.920313532745986,2.9349151004097207,0.014601567663729931,2.9203135327459875,3.8937513769946492,750108.7311822426,781583.721227956,event: W10_CAPACITY_WINDOW [experiment],781583.721227956,3.893751376994648,EXPECTED_PROTOCOL_EVENT,3.0,2.989405042338429,99.71168156516076,99.99526197394049,SOC_UPPER_BOUND_NOT_REACHED,3,3,19.124511842227605,3167.310762805965,2936.899972863466,1757.3414726144192,1800.0,0.0,0.0,0.0,2890.20720766671,18904.1061179206,0.40699999989010394,0.8430000001098961,0.5469999997876585,0.5940000000409782,0.3910000000614673,0.0,0.0,0.0,0.7819999998901039,141.03099999995902,3.3829563515683594,297.2294217149109,296.1808996583263,327.7433858308713,296.15,31.59338583087134,4.804121749070794,4.804084444462703,-3.730460809148184e-05,0.21604803014490415,0.012393876404193982,0.03106064124237845,0.04345451764657243,0.04345451764657243,0.002722025218003988,0.0026980274605213537,2.3997757482634337e-05,0.002722025218003988,0.0026980274605213537,1.8797210675142315e-08,1.8117582105503095e-08,-0.22111809820159914,0.007404308722470887,0.009058188414996948,0.2312698280654521,0.33499999999999996,0.7499444676845816,0.6649397630470405,2.2810352631853363e-16,2.9349151004097207,1.5131245526934236e-15
26,virtual,4.853168371993805,25,0.970633674398761,3.882534697595044,0.9706336743987611,2.911901023196283,2.926460528312269,0.014559505115981416,2.911901023196385,3.8825346975951462,781583.721227956,813036.5716581487,event: W10_CAPACITY_WINDOW [experiment],813036.5716581487,3.882534697595044,EXPECTED_PROTOCOL_EVENT,3.0,2.9980414617312134,99.7131381712585,99.99537950638903,VALID,4,3,18.943022614820045,3184.7017500322236,2934.8386169853575,1761.2105599065326,1800.0,0.0,0.0,0.0,2881.8814250195865,18871.27505563409,0.4220000000204891,0.7970000000204891,0.5309999999590218,0.6090000001713634,0.3910000000614673,0.0,0.0,0.0,0.8589999999385327,138.36000000010245,3.414011229568689,297.2141276726309,296.1808665400928,327.66486972047096,296.15,31.514869720470983,4.802766859067492,4.791521826474648,-0.011245032592843707,0.22179392458431835,0.012706048120276467,0.0316783411100318,0.04438438923030827,0.04438438923030827,0.0028043651744782514,0.0027786916488373513,2.5673525640900093e-05,0.0028043651744782514,0.0027786916488373513,1.9144776167988658e-08,1.8477746451755186e-08,-0.22121563577273412,0.007699470771157735,0.009409152864208181,0.23086763166887847,0.33499999999999996,0.7499422539692164,0.6649374291334532,1.1438125977989185e-16,2.926460528312269,1.6692455821941102e-15
27,virtual,4.853168371993805,25,0.970633674398761,3.882534697595044,0.9706336743987611,2.911901023196283,2.926460528312269,0.014559505115981416,2.911901023196394,3.882534697595155,813036.5716581487,844514.133161998,event: W10_CAPACITY_WINDOW [experiment],844514.133161998,3.882534697595044,EXPECTED_PROTOCOL_EVENT,3.0,2.9980414617312134,99.71404786997029,99.99556263866705,SOC_UPPER_BOUND_NOT_REACHED,3,3,18.237823509281693,3207.7633646446548,2933.09821637003,1765.3052949431994,1800.0,0.0,0.0,0.0,2881.8814250195865,18871.275379362633,0.4380000000819564,0.875,0.5309999999590218,0.6090000001713634,0.375,0.0,0.0,0.0,0.7970000000204891,138.46900000004098,3.413849643671946,297.2162159382565,296.18081418212995,327.3632681244123,296.15,31.21326812441231,4.7915456928897155,4.791519744903402,-2.594798631339046e-05,0.22739978855061338,0.013012490018670317,0.032283914009865515,0.04529640402853583,0.04529640402853583,0.0028822776457414923,0.0028567343079738097,2.554333776768258e-05,0.0028822776457414923,0.0028567343079738097,1.9485965248741858e-08,1.8830832201481793e-08,-0.23891875054408893,0.007994613091753422,0.009759825814910528,0.23047332375258628,0.33499999999999996,0.749940040401812,0.664935097158331,1.1438125977989185e-16,2.926460528312269,1.6692455821941102e-15
28,virtual,4.853168371993805,25,0.970633674398761,3.882534697595044,0.9706336743987611,2.911901023196283,2.926460528312269,0.014559505115981416,2.911901023196398,3.882534697595159,844514.133161998,876010.5490210595,event: W10_CAPACITY_WINDOW [experiment],876010.5490210595,3.882534697595044,EXPECTED_PROTOCOL_EVENT,3.0,2.9980414617312134,99.7130641399614,99.99320322592237,SOC_UPPER_BOUND_NOT_REACHED,3,3,18.06706334319209,3224.626483790488,2931.1297216236126,1769.4361397556077,1800.0,0.0,0.0,0.0,2881.8814250195865,18871.27502552909,0.40699999989010394,0.8900000001303852,0.5629999998491257,0.5940000000409782,0.39000000013038516,0.0,0.0,0.0,0.7819999998901039,138.6710000000894,3.413686941940159,297.21828353142473,296.18076974134146,327.29994059206973,296.15,31.149940592069754,4.791637293295817,4.791514659457365,-0.000122633838451236,0.2329236061786446,0.013313802663946633,0.03287863110463773,0.04619243376858436,0.04619243376858436,0.002959386562489058,0.002933971033699493,2.5415528789565073e-05,0.002959386562489058,0.002933971033699493,1.982144641459338e-08,1.9177580945599385e-08,-0.22151490870733412,0.008289738508892697,0.010109807710364294,0.2300858943062425,0.33499999999999996,0.7499378269611834,0.6649327697787263,1.1438125977989185e-16,2.926460528312269,1.6692455821941102e-15
29,virtual,4.853168371993805,25,0.970633674398761,3.882534697595044,0.9706336743987611,2.911901023196283,2.926460528312269,0.014559505115981416,2.911901023196284,3.882534697595045,876010.5490210595,907525.5694502353,event: W10_CAPACITY_WINDOW [experiment],907525.5694502353,3.882534697595044,EXPECTED_PROTOCOL_EVENT,3.0,2.9980414617312134,99.71505920498545,99.9938276887812,SOC_UPPER_BOUND_NOT_REACHED,3,3,17.900539145135305,3241.097734202876,2929.185651060408,1773.680075952624,1800.0,0.0,0.0,0.0,2881.8814250195865,18871.275003795163,0.4059999999590218,0.9690000000409782,0.5309999999590218,0.5940000000409782,0.375,0.0,0.0,0.0,0.7970000000204891,137.8279999999795,3.41352659020804,297.2203448138656,296.18072079266085,327.24145393143414,296.15,31.09145393143416,4.791614171572122,4.791511898487536,-0.00010227308458610196,0.23836780331372154,0.013610245181985559,0.03346307709867212,0.04707332228065768,0.04707332228065768,0.0030356092984766634,0.003010319421406491,2.528987707017252e-05,0.0030356092984766634,0.003010319421406491,2.015150807667932e-08,1.9518333862963364e-08,-0.2215942259118852,0.00858484696273365,0.01045909830101266,0.22970498747325757,0.33499999999999996,0.7499356136477796,0.6649304469962984,1.1438125977989185e-16,2.926460528312269,1.6692455821941102e-15
30,virtual,4.853168371993805,25,0.970633674398761,3.882534697595044,0.9706336743987611,2.911901023196283,2.926460528312269,0.014559505115981416,2.911901023196283,3.882534697595044,907525.5694502353,939059.4598004493,event: W10_CAPACITY_WINDOW [experiment],939059.4598004493,3.882534697595044,EXPECTED_PROTOCOL_EVENT,3.0,2.9980414617312134,99.71871107146346,99.99614337869774,SOC_UPPER_BOUND_NOT_REACHED,3,3,17.738107993887454,3257.77372908085,2927.209131623724,1778.0128747473618,1800.0,0.0,0.0,0.0,2881.8814250195865,18871.27508174861,0.40600000019185245,0.9069999998901039,0.5309999999590218,0.5940000000409782,0.375,0.0,0.0,0.0,0.7970000000204891,140.40599999995902,3.4133676664258497,297.22237942427637,296.1806685636598,327.1749374603598,296.15,31.02493746035981,4.791527077012181,4.791511335899985,-1.574111219593277e-05,0.24374159762103886,0.013902051054945859,0.034037777173276704,0.04793982822822256,0.04793982822822256,0.0031113833224536893,0.003086217339024366,2.516598342932339e-05,0.0031113833224536893,0.003086217339024366,2.047641010258975e-08,1.9853397404698766e-08,-0.24460047216243608,0.00887993843812751,0.010807698625825424,0.22933025365110285,0.33499999999999996,0.7499334004617142,0.6649281288041384,1.1438125977989185e-16,2.926460528312269,1.6692455821941102e-15
31,virtual,4.853168371993805,25,0.970633674398761,3.882534697595044,0.9706336743987611,2.911901023196283,2.926460528312269,0.014559505115981416,2.911901023196417,3.882534697595178,939059.4598004493,970611.8336091775,event: W10_CAPACITY_WINDOW [experiment],970611.8336091775,3.882534697595044,EXPECTED_PROTOCOL_EVENT,3.0,2.9980414617312134,99.7199193926024,99.9959661542625,SOC_UPPER_BOUND_NOT_REACHED,3,3,17.579520529667718,3273.857338021103,2925.3268691521316,1782.4535783406773,1800.0,0.0,0.0,0.0,2881.8814250195865,18871.275077664992,0.40699999989010394,0.8589999999385327,0.5310000001918525,0.5779999999795109,0.48499999986961484,0.0,0.0,0.0,0.7819999998901039,141.01600000006147,3.4132094135784463,297.22440372489945,296.18061138415754,327.126058983929,296.15,30.976058983929022,4.7915450374880555,4.791519118587852,-2.5918900203869555e-05,0.24903748675907877,0.014189442106901068,0.03460322586707021,0.048792667973971277,0.048792667973971277,0.0031859387362392195,0.003160894791632472,2.5043944606747623e-05,0.0031859387362392195,0.003160894791632472,2.0796399384993188e-08,2.0183060140367748e-08,-0.22242893793408366,0.009175012893493317,0.011155639961017982,0.2289614312968279,0.33499999999999996,0.7499311874032989,0.6649258149942594,1.1438125977989185e-16,2.926460528312269,1.6692455821941102e-15
32,virtual,4.853168371993805,25,0.970633674398761,3.882534697595044,0.9706336743987611,2.911901023196283,2.926460528312269,0.014559505115981416,2.9119010231962834,3.8825346975950445,970611.8336091775,1002182.4363279518,event: W10_CAPACITY_WINDOW [experiment],1002182.4363279518,3.882534697595044,EXPECTED_PROTOCOL_EVENT,3.0,2.9980414617312134,99.72110615987702,99.99575655086984,SOC_UPPER_BOUND_NOT_REACHED,3,3,17.424568697842815,3289.5192095469756,2923.4730568280734,1787.0298533476744,1800.0,0.0,0.0,0.0,2881.8814250195865,18871.274605334154,0.40600000019185245,0.8439999998081475,0.8130000000819564,0.5309999999590218,0.375,0.0,0.0,0.0,0.7809999999590218,143.51600000006147,3.413050443539117,297.2264103974123,296.18054911197726,327.0907417584417,296.15,30.94074175844173,4.791564454767481,4.791526079115439,-3.8375652041899855e-05,0.254256691873735,0.014472628075846379,0.03515988727513138,0.049632515350977756,0.049632515350977756,0.003259156115108151,0.003234232349393952,2.4923765714199124e-05,0.003259156115108151,0.003234232349393952,2.1111709364984264e-08,2.0507592874785406e-08,-0.2218587471703949,0.009470070217972193,0.011502889333698363,0.22859823934168158,0.33499999999999996,0.7499289744733653,0.6649235057859311,1.1438125977989185e-16,2.926460528312269,1.6692455821941102e-15
33,virtual,4.853168371993805,25,0.970633674398761,3.882534697595044,0.9706336743987607,2.9119010231962834,2.926460528312269,0.014559505115981418,2.911901023196284,3.8825346975950445,1002182.4363279518,1033772.3734913525,event: W10_CAPACITY_WINDOW [experiment],1033772.3734913525,3.882534697595044,EXPECTED_PROTOCOL_EVENT,3.0,2.9980414617312134,99.72255062362828,99.99588614588492,SOC_UPPER_BOUND_NOT_REACHED,3,3,17.27302492183169,3306.399239407124,2921.5099884277506,1791.5992086763763,1800.0,0.0,0.0,0.0,2881.8814250195865,18871.27427694807,0.40699999989010394,0.8279999999795109,0.5620000001508743,0.6099999998696148,0.5,0.0,0.0,0.0,0.7970000000204891,140.15599999995902,3.4128928429084944,297.22840454076044,296.18048749980886,327.01745586281703,296.15,30.867455862817053,4.791561647551294,4.791526013361141,-3.5634190153288614e-05,0.2594165706165086,0.014751778049197563,0.035708139862432944,0.05045991791163051,0.05045991791163051,0.003332127494636517,0.0033073222768379247,2.4805217798592235e-05,0.003332127494636517,0.0033073222768379247,2.1422528233188373e-08,2.0827216460788217e-08,-0.22195326697368156,0.009765110256537923,0.011849504655415899,0.22824038047088585,0.33499999999999996,0.749926761673076,0.6649212007940417,3.431437793396756e-16,2.926460528312269,1.5174959838128273e-15
34,virtual,4.853168371993805,25,0.970633674398761,3.882534697595044,0.9706336743987611,2.911901023196283,2.926460528312269,0.014559505115981416,2.911901023196429,3.88253469759519,1033772.3734913525,1065381.6623235017,event: W10_CAPACITY_WINDOW [experiment],1065381.6623235017,3.882534697595044,EXPECTED_PROTOCOL_EVENT,3.0,2.9980414617312134,99.72279249842359,99.99480923581103,SOC_UPPER_BOUND_NOT_REACHED,3,3,17.12473213709505,3323.164318541017,2919.556479229934,1796.2875532495837,1800.0,0.0,0.0,0.0,2881.8814250195865,18871.274323971942,0.4220000000204891,0.9690000000409782,0.5779999999795109,0.5470000000204891,0.375,0.0,0.0,0.0,0.7970000000204891,139.78100000019185,3.412737476180448,297.23039286269045,296.1804213090716,326.95016677638387,296.15,30.80016677638389,4.7916077930439265,4.791527561236168,-8.023180775840189e-05,0.26451983605285534,0.015027070904638593,0.03624837639374215,0.05127544729838074,0.05127544729838074,0.0034048732544865613,0.003380185108749218,2.468814573734334e-05,0.0034048732544865613,0.003380185108749218,2.172905508127138e-08,2.1142160085143904e-08,-0.22300941857250317,0.010060132939401,0.012195444766575747,0.22788760918834056,0.33499999999999996,0.7499245490029546,0.6649189002923025,1.1438125977989185e-16,2.926460528312269,1.6692455821941102e-15
35,virtual,4.853168371993805,25,0.970633674398761,3.882534697595044,0.9706336743987611,2.911901023196283,2.926460528312269,0.014559505115981416,2.911901023196433,3.882534697595194,1065381.6623235017,1097009.5705490096,event: W10_CAPACITY_WINDOW [experiment],1097009.5705490096,3.882534697595044,EXPECTED_PROTOCOL_EVENT,3.0,2.9980414617312134,99.72543967347687,99.99609945664355,SOC_UPPER_BOUND_NOT_REACHED,3,3,16.979650013056855,3339.0111560647856,2917.6996745903793,1801.0624084757537,1800.0,0.0,0.0,0.0,2881.8814250195865,18871.273911344353,0.4059999999590218,0.8600000001024455,0.5619999999180436,0.625,0.3899999998975545,0.0,0.0,0.0,0.8900000001303852,139.48499999986961,3.412581168848824,297.23235958303985,296.1803516666474,326.9030591530313,296.15,30.7530591530313,4.791559155365815,4.7915262885022445,-3.2866863570291116e-05,0.269557524948425,0.015298671585103951,0.03678095789842369,0.052079629483527644,0.052079629483527644,0.0034765737210333872,0.0034520010242068064,2.457269682658086e-05,0.0034765737210333872,0.0034520010242068064,2.203147349067494e-08,2.1452634418444827e-08,-0.22215440105882953,0.010355138276921139,0.012540747979272737,0.22753974820680037,0.33499999999999996,0.7499223364629232,0.664916604025938,1.1438125977989185e-16,2.926460528312269,1.6692455821941102e-15
36,virtual,4.853168371993805,25,0.970633674398761,3.882534697595044,0.9706336743987611,2.911901023196283,2.926460528312269,0.014559505115981416,2.911901023196438,3.882534697595199,1097009.5705490096,1128627.1923980063,event: W10_CAPACITY_WINDOW [experiment],1128627.1923980063,3.882534697595044,EXPECTED_PROTOCOL_EVENT,3.0,2.9980414617312134,99.7270695827799,99.99399621859293,SOC_UPPER_BOUND_NOT_REACHED,3,3,16.8375117317731,3320.863445442931,2919.9866227571247,1806.7789324039213,1800.0,0.0,0.0,0.0,2881.8814250195865,18871.273911641445,0.4059999999590218,0.8910000000614673,0.5620000001508743,0.5629999998491257,0.375,0.0,0.0,0.0,0.7819999998901039,140.2970000000205,3.4124243730861528,297.23432193142406,296.1802249005633,328.3383185957886,296.15,32.188318595788644,4.791652503857734,4.791524391625434,-0.0001281122323000261,0.2740599629958922,0.015567487839153741,0.037307696515223775,0.05287518435437752,0.05287518435437752,0.003512231678594266,0.003487773727973342,2.4457950620923857e-05,0.003512231678594266,0.003487773727973342,2.2330793961810362e-08,2.175969647362163e-08,-0.22226352463369872,0.010650126724698339,0.012883050917238847,0.22719766351791684,0.33499999999999996,0.7499201240495649,0.6649143277114006,1.1438125977989185e-16,2.926460528312269,1.6692455821941102e-15
37,virtual,4.853168371993805,25,0.970633674398761,3.882534697595044,0.9706336743987611,2.911901023196283,2.926460528312269,0.014559505115981416,2.91190102319644,3.8825346975952013,1128627.1923980063,1160292.7804175732,event: W10_CAPACITY_WINDOW [experiment],1160292.7804175732,3.882534697595044,EXPECTED_PROTOCOL_EVENT,3.0,2.9980414617312134,99.72806216368778,99.99609831986962,SOC_UPPER_BOUND_NOT_REACHED,3,3,16.697928255866817,3371.0460590456687,2913.9172534872246,1810.7720887770465,1800.0,0.0,0.0,0.0,2881.8814250195865,18871.27326498134,0.4369999999180436,0.9530000002123415,0.5319999998901039,0.5779999999795109,0.375,0.0,0.0,0.0,0.8130000000819564,141.46899999980815,3.4122703244706547,297.2362679066677,296.1802076044778,326.79050302383223,296.15,30.640503023832252,4.79157614644426,4.7915217493550415,-5.4397089218838346e-05,0.278987078010033,0.015832131641776107,0.03782590315189939,0.053658034793675494,0.053658034793675494,0.003582913676412181,0.0035585685357334123,2.4345140678768817e-05,0.003582913676412181,0.0035585685357334123,2.2625471264915348e-08,2.2061777944564547e-08,-0.23274114747181776,0.010945095703178254,0.013227050800551865,0.22685897860349313,0.33499999999999996,0.7499179117822262,0.6649120401121765,1.1438125977989185e-16,2.926460528312269,1.6692455821941102e-15
38,virtual,4.853168371993805,25,0.970633674398761,3.882534697595044,0.9706336743987611,2.911901023196283,2.926460528312269,0.014559505115981416,2.9119010231962834,3.8825346975950445,1160292.7804175732,1191977.4076907216,event: W10_CAPACITY_WINDOW [experiment],1191977.4076907216,3.882534697595044,EXPECTED_PROTOCOL_EVENT,3.0,2.9980414617312134,99.7296064652162,99.99632304623712,SOC_UPPER_BOUND_NOT_REACHED,3,3,16.56135123518823,3387.1376412003096,2912.040482340667,1815.7339590879092,1800.0,0.0,0.0,0.0,2881.8814250195865,18871.272414264735,0.40699999989010394,0.8430000001098961,0.5629999998491257,0.5470000000204891,0.375,0.0,0.0,0.0,0.7810000001918525,141.5,3.41211450848012,297.23820631074494,296.1801311788301,326.73709554192794,296.15,30.587095541927965,4.79155197221507,4.791520497658149,-3.147455692165124e-05,0.28385983404483284,0.016093504928371746,0.03833737331772398,0.05443087824609573,0.05443087824609573,0.003652944641745984,0.0036287107057576297,2.4233935988354337e-05,0.003652944641745984,0.0036287107057576297,2.2916509430507488e-08,2.235992614029682e-08,-0.22249118293755393,0.011240047112394791,0.013570425490371463,0.22652460834199462,0.33499999999999996,0.7499156996466572,0.6649097566704892,1.1438125977989185e-16,2.926460528312269,1.6692455821941102e-15
39,virtual,4.853168371993805,25,0.970633674398761,3.882534697595044,0.9706336743987611,2.911901023196283,2.926460528312269,0.014559505115981416,2.911901023196284,3.882534697595045,1191977.4076907216,1223681.183446769,event: W10_CAPACITY_WINDOW [experiment],1223681.183446769,3.882534697595044,EXPECTED_PROTOCOL_EVENT,3.0,2.9980414617312134,99.73045892787744,99.99587596646033,SOC_UPPER_BOUND_NOT_REACHED,3,3,16.427353379223028,3403.3367804846334,2910.149806477827,1820.7087625419435,1800.0,0.0,0.0,0.0,2881.8814250195865,18871.271628144197,0.40600000019185245,0.875,0.5469999997876585,0.8440000000409782,0.375,0.0,0.0,0.0,0.7809999999590218,140.39100000006147,3.4119594596052316,297.24013265291643,296.18005466283944,326.6801529120396,296.15,30.530152912039625,4.791567812486308,4.791517197887956,-5.0614598352538565e-05,0.2886829565428002,0.01635173100639981,0.03884237366843738,0.055194104674837194,0.055194104674837194,0.0037225457558409405,0.0036984217859662234,2.4123969874717023e-05,0.0037225457558409405,0.0036984217859662234,2.320404569751188e-08,2.265429666773208e-08,-0.2226019562483276,0.011534980848054488,0.013913164647590293,0.2261943732467766,0.33499999999999996,0.7499134876436397,0.6649074774550937,1.1438125977989185e-16,2.926460528312269,1.6692455821941102e-15
40,virtual,4.853168371993805,25,0.970633674398761,3.882534697595044,0.9706336743987607,2.9119010231962834,2.926460528312269,0.014559505115981418,2.9119010231962834,3.882534697595044,1223681.183446769,1255404.3041546205,event: W10_CAPACITY_WINDOW [experiment],1255404.3041546205,3.882534697595044,EXPECTED_PROTOCOL_EVENT,3.0,2.9980414617312134,99.73205774110853,99.99618439551924,SOC_UPPER_BOUND_NOT_REACHED,3,3,16.29585532284455,3419.6366066779588,2908.2509788777215,1825.784637046194,1800.0,0.0,0.0,0.0,2881.8814250195865,18871.271204907214,0.4220000000204891,0.8589999999385327,0.5470000000204891,0.625,0.3899999998975545,0.0,0.0,0.0,0.9060000001918525,140.9680000001099,3.4118063398164162,297.2420504814788,296.1799747267174,326.62107115416114,296.15,30.471071154161166,4.79155544532832,4.791514284093403,-4.116123491648693e-05,0.29345988849911464,0.01660692640540844,0.039341155263514456,0.0559480816689229,0.0559480816689229,0.0037918512267743087,0.003767836161773774,2.401506500053453e-05,0.0037918512267743087,0.003767836161773774,2.3488209760987448e-08,2.2945036033138542e-08,-0.22275054790915544,0.011829896822675323,0.014255265391085459,0.22586810843479002,0.33499999999999996,0.74991127577383,0.6649052024851495,3.431437793396756e-16,2.926460528312269,1.5174959838128273e-15
41,virtual,4.853168371993805,25,0.970633674398761,3.882534697595044,0.9706336743987611,2.911901023196283,2.926460528312269,0.014559505115981416,2.9119010231964624,3.8825346975952235,1255404.3041546205,1287417.0364991052,event: W10_CAPACITY_WINDOW [experiment],1287417.0364991052,3.882534697595044,EXPECTED_PROTOCOL_EVENT,3.0,2.9980414617312134,101.53883840435716,100.00023399856819,PREEXISTING_PLATED_LITHIUM_RELEASED,4,3,16.166765158522775,3500.272761670581,2890.743023647576,2052.401366737601,1800.0,0.0,0.0,0.0,2881.8814250195865,18871.267002250766,0.40600000019185245,0.9529999999795109,0.5470000000204891,0.6409999998286366,0.375,0.0,0.0,0.0,0.7659999998286366,139.89000000013039,3.412680736274746,297.23638644629295,296.1727933166248,330.56441353490175,296.15,34.41441353490177,4.7875329220458225,4.79152738972907,0.003994467683247294,-0.4045336139275548,0.016863575170879212,0.03984249617349272,0.05670607134437193,0.05670607134437193,-0.04728911904394465,0.0033632405244945762,-0.05065235956843923,-0.04728911904394465,0.0033632405244945762,2.377399319415746e-08,2.3237264610739054e-08,-0.22283379566913045,0.012123686261389821,0.014590131508356308,0.22850476745118337,0.33499999999999996,0.7499090723530397,0.6649029756254696,1.1438125977989185e-16,2.926460528312269,1.6692455821941102e-15
42,virtual,4.853168371993805,25,0.970633674398761,3.882534697595044,0.9706336743987611,2.911901023196283,2.926460528312269,0.014559505115981416,2.9119010231962834,3.8825346975950445,1287417.0364991052,1319169.527172647,event: W10_CAPACITY_WINDOW [experiment],1319169.527172647,3.882534697595044,EXPECTED_PROTOCOL_EVENT,3.0,2.9980414617312134,98.43218852580506,99.99657696320213,SOC_UPPER_BOUND_NOT_REACHED,3,3,16.09382158928379,3440.5940283398295,2906.6508214994406,1835.9989908859352,1800.0,0.0,0.0,0.0,2881.8814250195865,18871.271586207673,0.42100000008940697,0.953999999910593,0.5309999999590218,0.6089999999385327,0.3910000000614673,0.0,0.0,0.0,0.7970000000204891,141.9529999999795,3.41149649297448,297.24584159304175,296.1797933658346,326.56750811244257,296.15,30.41750811244259,4.795526576057426,4.791514176272761,-0.004012399784665277,0.2961727119350144,0.017112665922519928,0.04032881377863995,0.05744147970115988,0.05744147970115988,0.003437180241655492,0.0034133881902972166,2.3792051358275182e-05,0.003437180241655492,0.0034133881902972166,2.405136457590188e-08,2.3520726429218777e-08,-0.22439584595770307,0.012418548706577326,0.014935292994294969,0.2252503902194831,0.33499999999999996,0.7499068608847008,0.6649006803015881,1.1438125977989185e-16,2.926460528312269,1.6692455821941102e-15
43,virtual,4.853168371993805,25,0.970633674398761,3.882534697595044,0.9706336743987611,2.911901023196283,2.926460528312269,0.014559505115981416,2.9119010231964624,3.8825346975952235,1319169.527172647,1350943.3249391636,event: W10_CAPACITY_WINDOW [experiment],1350943.3249391636,3.882534697595044,EXPECTED_PROTOCOL_EVENT,3.0,2.9980414617312134,99.73529028433744,99.9958849850557,SOC_UPPER_BOUND_NOT_REACHED,3,3,15.914232302487186,3461.1594812172893,2902.8963779301603,1840.6745004442391,1800.0,0.0,0.0,0.0,2881.8814250195865,18871.271749602864,0.4059999999590218,0.9059999999590218,0.5470000000204891,0.5470000000204891,0.6879999998491257,0.0,0.0,0.0,0.7970000000204891,141.40599999995902,3.4113481121639273,297.2477371050984,296.1797504941477,326.4516557264245,296.15,30.301655726424542,4.7915739792582075,4.791510740911198,-6.323834700960873e-05,0.30081595846945675,0.01735930371187783,0.04081009998654922,0.05816940369842705,0.05816940369842705,0.0035054152651357046,0.0034817288055925626,2.3686459543142014e-05,0.0035054152651357046,0.0034817288055925626,2.4326006810895068e-08,2.3801249805919592e-08,-0.2232395494870038,0.012713392276211266,0.015275540163017354,0.22493532225014662,0.33499999999999996,0.7499046495579286,0.6648984176579161,1.1438125977989185e-16,2.926460528312269,1.6692455821941102e-15
44,virtual,4.853168371993805,25,0.970633674398761,3.882534697595044,0.9706336743987611,2.911901023196283,2.926460528312269,0.014559505115981416,2.911901023196284,3.882534697595045,1350943.3249391636,1383024.1441215975,event: W10_CAPACITY_WINDOW [experiment],1383024.1441215975,3.882534697595044,EXPECTED_PROTOCOL_EVENT,3.0,2.9980414617312134,100.75363295401138,99.9988995875399,PREEXISTING_PLATED_LITHIUM_RELEASED,4,3,15.791871567789087,3603.728219748488,2903.974084699907,2004.174005754492,1800.0,0.0,0.0,0.0,2881.8814250195865,18871.269575643586,0.4220000000204891,0.9069999998901039,0.5309999999590218,0.625,0.375,0.0,0.0,0.0,0.796000000089407,140.60899999993853,3.4101961065607345,297.24601403347134,296.1739177862012,329.7301555740582,296.15,33.58015557405821,4.789086152452508,4.791521196580529,0.002435044128021424,-0.03167779119448255,0.0176072404945694,0.04129368675707695,0.05890092725164635,0.05890092725164635,-0.02096496119573078,0.0032779993880569583,-0.024242960583787738,-0.02096496119573078,0.0032779993880569583,2.4602096728718407e-08,2.408311102530852e-08,-0.22430823368728156,0.013008012530988822,0.015609851761624327,0.22604094625947088,0.33499999999999996,0.7499024399060177,0.6648961944857854,1.1438125977989185e-16,2.926460528312269,1.6692455821941102e-15
45,virtual,4.853168371993805,25,0.970633674398761,3.882534697595044,0.9706336743987611,2.911901023196283,2.926460528312269,0.014559505115981416,2.9119010231964744,3.8825346975952355,1383024.1441215975,1414828.140472793,event: W10_CAPACITY_WINDOW [experiment],1414828.140472793,3.882534697595044,EXPECTED_PROTOCOL_EVENT,3.0,2.9980414617312134,99.11351886299877,99.99569921265402,SOC_UPPER_BOUND_NOT_REACHED,3,3,15.69477228057287,3484.068358322262,2900.1886765737386,1850.8913319785688,1800.0,0.0,0.0,0.0,2881.8814250195865,18871.271787020843,0.4369999999180436,0.875,0.5310000001918525,0.6409999998286366,0.375,0.0,0.0,0.0,0.9220000000204891,142.64000000013039,3.4110439298066995,297.25150580190314,296.1795821372387,326.4103839378523,296.15,30.26038393785234,4.7940267747915355,4.791506335752349,-0.0025204390391868614,0.3061739051636607,0.01784851320553312,0.041764058269797615,0.059612571475330736,0.059612571475330736,0.0033601260051801625,0.0033366526511316628,2.3473354048499703e-05,0.0033601260051801625,0.0033366526511316628,2.4870769447545684e-08,2.4357260854105627e-08,-0.2237260515635673,0.013302809570845398,0.015951073307107322,0.22432693620002014,0.33499999999999996,0.7499002289282187,0.6648939253625079,1.1438125977989185e-16,2.926460528312269,1.6692455821941102e-15
46,virtual,4.853168371993805,25,0.970633674398761,3.882534697595044,0.9706336743987611,2.911901023196283,2.926460528312269,0.014559505115981416,2.9119010231962834,3.8825346975950445,1414828.140472793,1446654.8630360402,event: W10_CAPACITY_WINDOW [experiment],1446654.8630360402,3.882534697595044,EXPECTED_PROTOCOL_EVENT,3.0,2.9980414617312134,99.73910912587152,99.99609671948492,SOC_UPPER_BOUND_NOT_REACHED,3,3,15.551715675818146,3504.627401512296,2897.478972675129,1855.9114452391796,1800.0,0.0,0.0,0.0,2881.8814250195865,18871.271603125148,0.40600000019185245,0.9220000000204891,0.5319999998901039,0.5930000001098961,0.375,0.0,0.0,0.0,0.7970000000204891,140.96900000004098,3.4108952419971286,297.2533829183767,296.179514579554,326.301568632822,296.15,30.151568632822034,4.791563836172511,4.791509157536081,-5.467863643016102e-05,0.3106900866802249,0.018087453969321547,0.0422296796824731,0.06031713365179464,0.06031713365179464,0.003426909665070958,0.0034035386753601777,2.3370989710780332e-05,0.003426909665070958,0.0034035386753601777,2.5136847665889555e-08,2.46286364921256e-08,-0.2248507298184978,0.013597588022349782,0.016289508456495128,0.2240219370010805,0.33499999999999996,0.7498980180898325,0.6648916747687645,1.1438125977989185e-16,2.926460528312269,1.6692455821941102e-15
47,virtual,4.853168371993805,25,0.970633674398761,3.882534697595044,0.9706336743987611,2.911901023196283,2.926460528312269,0.014559505115981416,2.911901023196481,3.882534697595242,1446654.8630360402,1478500.5687332547,event: W10_CAPACITY_WINDOW [experiment],1478500.5687332547,3.882534697595044,EXPECTED_PROTOCOL_EVENT,3.0,2.9980414617312134,99.74043018092378,99.99617383816415,SOC_UPPER_BOUND_NOT_REACHED,3,3,15.435264570427783,3520.339422119367,2895.6218090224534,1861.1562544204062,1800.0,0.0,0.0,0.0,2881.8814250195865,18871.271522062132,0.4059999999590218,5.719000000040978,0.5309999999590218,0.6090000001713634,0.375,0.0,0.0,0.0,0.7969999997876585,142.60900000017136,3.4107468381670625,297.25525472052533,296.17942997603257,326.25253572317195,296.15,30.102535723171968,4.7915617380242415,4.791512570097468,-4.916792677356341e-05,0.3151667233172759,0.01832401426268077,0.04269046926457058,0.06101448352725135,0.06101448352725135,0.003493228898433625,0.003469959365760211,2.3269532673413865e-05,0.003493228898433625,0.003469959365760211,2.5400277341248605e-08,2.4897190334333783e-08,-0.225189409753643,0.013892348265002852,0.016627342717583815,0.22372004721417085,0.33499999999999996,0.7498958073880125,0.6648894281709282,1.1438125977989185e-16,2.926460528312269,1.6692455821941102e-15
48,virtual,4.853168371993805,25,0.970633674398761,3.882534697595044,0.9706336743987611,2.911901023196283,2.926460528312269,0.014559505115981416,2.9119010231963838,3.882534697595145,1478500.5687332547,1510365.1623826965,event: W10_CAPACITY_WINDOW [experiment],1510365.1623826965,3.882534697595044,EXPECTED_PROTOCOL_EVENT,3.0,2.9980414617312134,99.74242269265737,99.99692719056885,SOC_UPPER_BOUND_NOT_REACHED,3,3,15.320650612626318,3535.9168540595683,2893.7743594724184,1866.4288847973758,1800.0,0.0,0.0,0.0,2881.8814250195865,18871.27147548017,0.40699999989010394,0.9529999999795109,0.5779999999795109,0.6089999999385327,0.39099999982863665,0.0,0.0,0.0,1.0940000000409782,142.1720000000205,3.4105988432309373,297.2571228604713,296.17934469805266,326.20688174003794,296.15,30.056881740037966,4.7915301006764315,4.79150909923281,-2.1001443621493365e-05,0.3196038536853365,0.01855826774621285,0.043146582549202304,0.061704850295415156,0.061704850295415156,0.0035590123596113982,0.0035358433855511686,2.316897406022967e-05,0.0035590123596113982,0.0035358433855511686,2.5661140454430584e-08,2.5163013147715144e-08,-0.22362805258980833,0.014187090166799976,0.016964583582094406,0.22342117301882122,0.33499999999999996,0.7498935968237491,0.6648871855191792,1.1438125977989185e-16,2.926460528312269,1.6692455821941102e-15
49,virtual,4.853168371993805,25,0.970633674398761,3.882534697595044,0.9706336743987611,2.911901023196283,2.926460528312269,0.014559505115981416,2.9119010231962834,3.8825346975950445,1510365.1623826965,1542249.0486035703,event: W10_CAPACITY_WINDOW [experiment],1542249.0486035703,3.882534697595044,EXPECTED_PROTOCOL_EVENT,3.0,2.9980414617312134,99.74367762700672,99.99696052796725,SOC_UPPER_BOUND_NOT_REACHED,3,3,15.20780519849938,3551.8664879772323,2891.89867854806,1871.7602674850696,1800.0,0.0,0.0,0.0,2881.8814250195865,18871.2715566454,0.40600000019185245,1.077999999979511,0.5319999998901039,0.5779999999795109,0.375,0.0,0.0,0.0,0.8119999999180436,141.59399999980815,3.4104516450017943,297.2589869770988,296.179258178148,326.15419472526344,296.15,30.00419472526346,4.7915269299632355,4.791505760496115,-2.116946712060752e-05,0.32400648447521974,0.018790284247036014,0.0435981666946027,0.062388450941638716,0.062388450941638716,0.003624555306489361,0.003601486099987224,2.3069206502137132e-05,0.003624555306489361,0.003601486099987224,2.591951471949442e-08,2.5426190812480505e-08,-0.25433523804946356,0.01448181364320078,0.01730122033099235,0.22312520456463777,0.33499999999999996,0.749891386397676,0.664884946884799,1.1438125977989185e-16,2.926460528312269,1.6692455821941102e-15
50,virtual,4.853168371993805,25,0.970633674398761,3.882534697595044,0.9706336743987611,2.911901023196283,2.926460528312269,0.014559505115981416,2.9119010231962834,3.8825346975950445,1542249.0486035703,1574152.1658708688,event: W10_CAPACITY_WINDOW [experiment],1574152.1658708688,3.882534697595044,EXPECTED_PROTOCOL_EVENT,3.0,2.9980414617312134,99.74387645542208,99.99593769920136,SOC_UPPER_BOUND_NOT_REACHED,3,3,15.096679908506008,3567.7172559067826,2890.0336052229627,1877.1168405366207,1800.0,0.0,0.0,0.0,2881.8814250195865,18871.27146070404,0.45399999991059303,1.0309999999590218,0.5470000000204891,0.6089999999385327,0.375,0.0,0.0,0.0,0.9059999999590218,142.42199999978766,3.410304025349255,297.2608460714866,296.17917053353347,326.102865991837,296.15,29.95286599183703,4.791565356867538,4.79150370530068,-6.165156685788986e-05,0.32837434926307196,0.019020129445456963,0.04404535995929328,0.06306548940475025,0.06306548940475025,0.0036897719032478278,0.0036668015710748887,2.297033217293909e-05,0.0036897719032478278,0.0036668015710748887,2.6175473234861106e-08,2.5686804016180123e-08,-0.24850038235959993,0.014776518637006575,0.017637265812581404,0.2228320596647657,0.33499999999999996,0.7498891761102225,0.6648827121823465,1.1438125977989185e-16,2.926460528312269,1.6692455821941102e-15
51,virtual,4.853168371993805,25,0.970633674398761,3.882534697595044,0.9706336743987611,2.911901023196283,2.926460528312269,0.014559505115981416,2.9119010231963838,3.882534697595145,1574152.1658708688,1606074.4949285414,event: W10_CAPACITY_WINDOW [experiment],1606074.4949285414,3.882534697595044,EXPECTED_PROTOCOL_EVENT,3.0,2.9980414617312134,99.74565054914954,99.99649971154655,SOC_UPPER_BOUND_NOT_REACHED,3,3,14.987193562874198,3583.498616828054,2888.167507419373,1882.5229226730162,1800.0,0.0,0.0,0.0,2881.8814250195865,18871.27139216964,0.4220000000204891,0.9690000000409782,0.5619999999180436,0.5470000000204891,0.375,0.0,0.0,0.0,0.7969999997876585,142.25,3.4101567666250343,297.26270095884115,296.1790819662161,326.0525895981816,296.15,29.902589598181635,4.791543059598869,4.7915020145100575,-4.104508881130897e-05,0.33270866877730043,0.019247867969015196,0.04448829779630097,0.06373616576531617,0.06373616576531617,0.003754686747105382,0.0037318145332169246,2.2872213888457463e-05,0.003754686747105382,0.0037318145332169246,2.642908792777992e-08,2.5944931807944775e-08,-0.22940169422362625,0.015071205063620141,0.017972712351635778,0.2225416513808351,0.33499999999999996,0.749886965962023,0.6648804814628618,1.1438125977989185e-16,2.926460528312269,1.6692455821941102e-15
52,virtual,4.853168371993805,25,0.970633674398761,3.882534697595044,0.9706336743987611,2.911901023196283,2.926460528312269,0.014559505115981416,2.911901023196384,3.8825346975951454,1606074.4949285414,1638016.2285166802,event: W10_CAPACITY_WINDOW [experiment],1638016.2285166802,3.882534697595044,EXPECTED_PROTOCOL_EVENT,3.0,2.9980414617312134,99.74747195656498,99.99712158026627,SOC_UPPER_BOUND_NOT_REACHED,3,3,14.879304394053877,3599.4500715606787,2886.2902846514,1887.9610939056738,1800.0,0.0,0.0,0.0,2881.8814250195865,18871.271408607485,0.40699999989010394,0.9680000001098961,0.5469999997876585,0.5470000000204891,0.3910000000614673,0.0,0.0,0.0,0.796000000089407,141.625,3.4100100419757817,297.2645553510972,296.17899246468124,325.99812311385824,296.15,29.848123113858264,4.79151866211502,4.791500962375841,-1.7699739178311802e-05,0.3370119869223913,0.01947355905528152,0.04492710448194772,0.06440066353722924,0.06440066353722924,0.0038194254562362224,0.003796650604726105,2.2774851510117336e-05,0.0038194254562362224,0.003796650604726105,2.668042472577102e-08,2.6200646716650294e-08,-0.2240005017472223,0.015365872846473394,0.018307567052360696,0.22225389400001436,0.33499999999999996,0.7498847559536516,0.664878254679102,1.1438125977989185e-16,2.926460528312269,1.6692455821941102e-15
53,virtual,4.853168371993805,25,0.970633674398761,3.882534697595044,0.9706336743987611,2.911901023196283,2.926460528312269,0.014559505115981416,2.911901023196283,3.882534697595044,1638016.2285166802,1669977.384737077,event: W10_CAPACITY_WINDOW [experiment],1669977.384737077,3.882534697595044,EXPECTED_PROTOCOL_EVENT,3.0,2.9980414617312134,99.74816568034184,99.99662385403232,SOC_UPPER_BOUND_NOT_REACHED,3,3,14.77297356612153,3615.4163749263034,2884.4135106556073,1893.400367218279,1800.0,0.0,0.0,0.0,2881.8814250195865,18871.2715690108,0.4059999999590218,0.9060000001918525,0.5319999998901039,0.5779999999795109,0.375,0.0,0.0,0.0,1.093000000109896,143.2180000001099,3.4098639938432083,297.2664048334615,296.17890362768924,325.94548256980687,296.15,29.795482569806893,4.791537515179683,4.791500204409791,-3.7310769891441e-05,0.34128568012167193,0.019697262239360146,0.04536190423665907,0.06505916647601921,0.06505916647601921,0.0038840296471925697,0.003861351452730482,2.267819446208786e-05,0.0038840296471925697,0.003861351452730482,2.6929549888376187e-08,2.6454021236480233e-08,-0.23272488937393426,0.015660521914981018,0.018641810095388678,0.22196870657479473,0.33499999999999996,0.7498825460856378,0.6648760319628658,1.1438125977989185e-16,2.926460528312269,1.6692455821941102e-15
54,virtual,4.853168371993805,25,0.970633674398761,3.882534697595044,0.9706336743987611,2.911901023196283,2.926460528312269,0.014559505115981416,2.911901023196384,3.8825346975951454,1669977.384737077,1701958.1351634401,event: W10_CAPACITY_WINDOW [experiment],1701958.1351634401,3.882534697595044,EXPECTED_PROTOCOL_EVENT,3.0,2.9980414617312134,99.74976967744527,99.99704244023545,SOC_UPPER_BOUND_NOT_REACHED,3,3,14.66815722945174,3631.486105576444,2882.5316088843542,1898.9112108729169,1800.0,0.0,0.0,0.0,2881.8814250195865,18871.271918780403,0.43700000015087426,1.0,0.5470000000204891,0.5629999998491257,0.375,0.0,0.0,0.0,0.7970000000204891,142.96900000004098,3.4097188813210058,297.2682528222596,296.178812660355,325.8900781451691,296.15,29.74007814516915,4.791520927604941,4.791498834338868,-2.2093266072609197e-05,0.34553126044762905,0.019919031279861145,0.04579280946964591,0.06571184074950706,0.06571184074950706,0.003948554848818645,0.003925972514421399,2.2582334397245295e-05,0.003948554848818645,0.003925972514421399,2.7176523244973816e-08,2.6705120971657046e-08,-0.23168683997453834,0.015955152148436014,0.018975456778917987,0.22168601486820563,0.33499999999999996,0.7498803363588868,0.6648738132124203,1.1438125977989185e-16,2.926460528312269,1.6692455821941102e-15
55,virtual,4.853168371993805,25,0.970633674398761,3.882534697595044,0.9706336743987611,2.911901023196283,2.926460528312269,0.014559505115981416,2.9119010231962834,3.8825346975950445,1701958.1351634401,1733958.4345632466,event: W10_CAPACITY_WINDOW [experiment],1733958.4345632466,3.882534697595044,EXPECTED_PROTOCOL_EVENT,3.0,2.9980414617312134,99.75102756288817,99.99711852230992,SOC_UPPER_BOUND_NOT_REACHED,3,3,14.564810127173256,3647.4855258401553,2880.6577245075373,1904.437892447434,1800.0,0.0,0.0,0.0,2881.8814250195865,18871.27202186454,0.40600000019185245,0.9689999998081475,0.5470000000204891,0.5630000000819564,0.375,0.0,0.0,0.0,0.9220000000204891,141.8279999999795,3.40957299795315,297.27009653479945,296.1787215053188,325.8357968512675,296.15,29.685796851267526,4.7915200989502775,4.791500595748642,-1.9503201635906464e-05,0.3497485409449155,0.0201389182464275,0.04621992877593792,0.06635884702236541,0.06635884702236541,0.004012934920090711,0.003990447801657499,2.2487118433211876e-05,0.004012934920090711,0.003990447801657499,2.742140274532186e-08,2.695400930024989e-08,-0.22423633192957862,0.016249763406122497,0.019308514829120327,0.22140575404693025,0.33499999999999996,0.7498781267744542,0.6648715983763865,1.1438125977989185e-16,2.926460528312269,1.6692455821941102e-15
56,virtual,4.853168371993805,25,0.970633674398761,3.882534697595044,0.9706336743987611,2.911901023196283,2.926460528312269,0.014559505115981416,2.9119010231962834,3.8825346975950445,1733958.4345632466,1765978.4017381682,event: W10_CAPACITY_WINDOW [experiment],1765978.4017381682,3.882534697595044,EXPECTED_PROTOCOL_EVENT,3.0,2.9980414617312134,99.75220318973192,99.99711953532177,SOC_UPPER_BOUND_NOT_REACHED,3,3,14.462825323377164,3663.545934003999,2878.7765680640714,1910.0287199506847,1800.0,0.0,0.0,0.0,2881.8814250195865,18871.271702559898,0.42199999978765845,1.0310000001918525,0.5319999998901039,0.5619999999180436,0.375,0.0,0.0,0.0,0.796000000089407,142.125,3.4094257629154523,297.27193966472583,296.17862827574044,325.78098621261495,296.15,29.63098621261497,4.791519660541355,4.791499088973394,-2.057156796109183e-05,0.3539399973996211,0.020356975416205257,0.04664337066031181,0.06700034607651706,0.06700034607651706,0.004077299077280162,0.004054906404891075,2.2392672389086668e-05,0.004077299077280162,0.004054906404891075,2.7664246570905783e-08,2.720074954577849e-08,-0.24674467470810643,0.01654435565663448,0.01964095874079419,0.2211278479052041,0.33499999999999996,0.7498759173325753,0.6648693876243739,1.1438125977989185e-16,2.926460528312269,1.6692455821941102e-15
57,virtual,4.853168371993805,25,0.970633674398761,3.882534697595044,0.9706336743987611,2.911901023196283,2.926460528312269,0.014559505115981416,2.9119010231963838,3.882534697595145,1765978.4017381682,1798017.9106551516,event: W10_CAPACITY_WINDOW [experiment],1798017.9106551516,3.882534697595044,EXPECTED_PROTOCOL_EVENT,3.0,2.9980414617312134,99.75326208756599,99.99700605125946,SOC_UPPER_BOUND_NOT_REACHED,3,3,14.362192753006482,3679.4707700114677,2876.9078685633244,1915.6151000596865,1800.0,0.0,0.0,0.0,2881.8814250195865,18871.27156057628,0.4220000000204891,1.0309999999590218,0.5470000000204891,0.5630000000819564,0.39099999982863665,0.0,0.0,0.0,0.7970000000204891,142.625,3.4092792374096432,297.27377876755713,296.1785356819999,325.7287822787163,296.15,29.578782278716346,4.791522484500011,4.791497325135495,-2.515936451619183e-05,0.35810425449923855,0.02057324947399842,0.04706323231258075,0.06763648178657916,0.06763648178657916,0.0041414987792583345,0.004119199923828009,2.2298855430325122e-05,0.0041414987792583345,0.004119199923828009,2.7905106677910605e-08,2.7445398431620464e-08,-0.23421332884741208,0.01683892881197835,0.019972822848345118,0.22085224356126995,0.33499999999999996,0.7498737080339103,0.6648671807280587,1.1438125977989185e-16,2.926460528312269,1.6692455821941102e-15
58,virtual,4.853168371993805,25,0.970633674398761,3.882534697595044,0.9706336743987611,2.911901023196283,2.926460528312269,0.014559505115981416,2.9119010231962834,3.8825346975950445,1798017.9106551516,1830077.1062373067,event: W10_CAPACITY_WINDOW [experiment],1830077.1062373067,3.882534697595044,EXPECTED_PROTOCOL_EVENT,3.0,2.9980414617312134,99.75376210151063,99.9963323714055,SOC_UPPER_BOUND_NOT_REACHED,3,3,14.262896465509117,3695.45739934659,2875.041857997002,1921.2802199175985,1800.0,0.0,0.0,0.0,2881.8814250195865,18871.27178340894,0.4059999999590218,1.0310000001918525,0.5629999998491257,0.5470000000204891,0.3899999998975545,0.0,0.0,0.0,0.7970000000204891,142.5779999999795,3.4091342559918694,297.2756192897737,296.1784409947633,325.67522875872686,296.15,29.525228758726882,4.791548209236199,4.791495691956472,-5.251727972677145e-05,0.36224198737497204,0.02078778629916917,0.0474796089422502,0.06826739524141937,0.06826739524141937,0.004205537152025187,0.004183331578547709,2.2205573477478147e-05,0.004205537152025187,0.004183331578547709,2.8144034126420827e-08,2.768801152471044e-08,-0.23533968643796574,0.017133482746260142,0.020304107888236445,0.22057888053377983,0.33499999999999996,0.7498714988794032,0.6648649776825434,1.1438125977989185e-16,2.926460528312269,1.6692455821941102e-15
59,virtual,4.853168371993805,25,0.970633674398761,3.882534697595044,0.9706336743987607,2.9119010231962834,2.926460528312269,0.014559505115981418,2.911901023196284,3.8825346975950445,1830077.1062373067,1862155.873823063,event: W10_CAPACITY_WINDOW [experiment],1862155.873823063,3.882534697595044,EXPECTED_PROTOCOL_EVENT,3.0,2.9980414617312134,99.75551031052248,99.99692120106731,SOC_UPPER_BOUND_NOT_REACHED,3,3,14.164913808517484,3711.356250946877,2873.17790463027,1926.9146258271103,1800.0,0.0,0.0,0.0,2881.8814250195865,18871.272465523798,0.4380000000819564,1.0619999999180436,0.5630000000819564,0.6089999999385327,0.39000000013038516,0.0,0.0,0.0,0.7969999997876585,141.625,3.408990953148786,297.2774553421464,296.1783477595858,325.62388356831866,296.15,29.473883568318684,4.7915254470419,4.791496363110752,-2.9083931148754516e-05,0.36635368030928817,0.02100063035419132,0.047892592621805785,0.0688932229759971,0.0688932229759971,0.004269404977509667,0.0042472921867916826,2.211279071798449e-05,0.004269404977509667,0.0042472921867916826,2.838107839969733e-08,2.7928642561049246e-08,-0.2353965416323665,0.017428017366157178,0.02063481353259533,0.22030770100310293,0.33499999999999996,0.7498692898697539,0.6648627784900084,3.431437793396756e-16,2.926460528312269,1.5174959838128273e-15
60,virtual,4.853168371993805,25,0.970633674398761,3.882534697595044,0.9706336743987611,2.911901023196283,2.926460528312269,0.014559505115981416,2.9119010231963838,3.882534697595145,1862155.873823063,1894254.8428778118,event: W10_CAPACITY_WINDOW [experiment],1894254.8428778118,3.882534697595044,EXPECTED_PROTOCOL_EVENT,3.0,2.9980414617312134,99.75651183676118,99.99678726870232,SOC_UPPER_BOUND_NOT_REACHED,3,3,14.06824244863391,3727.874688191616,2871.279373430714,1932.5928893050204,1800.0,0.0,0.0,0.0,2881.8814250195865,18871.272436353145,0.42199999978765845,2.6410000000614673,0.5309999999590218,0.5470000000204891,0.5,0.0,0.0,0.0,0.7970000000204891,142.51600000006147,3.4088451731898664,297.279289043505,296.1782539544459,325.56040628539176,296.15,29.410406285391787,4.791529237246834,4.791494290251775,-3.494699505957044e-05,0.37044636961994115,0.021211825347366427,0.04830227360065864,0.06951409894802507,0.06951409894802507,0.004333573314103987,0.004311552501272348,2.2020812831639e-05,0.004333573314103987,0.004311552501272348,2.861628814197248e-08,2.816734421190764e-08,-0.2245806504985475,0.017722532637606037,0.020964892988530437,0.22003862041612082,0.33499999999999996,0.749867081005218,0.6648605834616265,1.1438125977989185e-16,2.926460528312269,1.6692455821941102e-15
61,virtual,4.853168371993805,25,0.970633674398761,3.882534697595044,0.9706336743987611,2.911901023196283,2.926460528312269,0.014559505115981416,2.911901023196284,3.882534697595045,1894254.8428778118,1926372.3799364604,event: W10_CAPACITY_WINDOW [experiment],1926372.3799364604,3.882534697595044,EXPECTED_PROTOCOL_EVENT,3.0,2.9980414617312134,99.75811119282024,99.99719022987168,SOC_UPPER_BOUND_NOT_REACHED,3,3,13.9726887144586,3742.5872880445795,2869.492707737262,1938.3301417175198,1800.0,0.0,0.0,0.0,2881.8814250195865,18871.272807415342,0.4059999999590218,2.0310000001918525,0.5470000000204891,0.6409999998286366,0.375,0.0,0.0,0.0,0.7970000000204891,142.64000000013039,3.4087008877227953,297.28112378790667,296.1781571386161,325.5333016458564,296.15,29.38330164585642,4.79151146916275,4.791491529706632,-1.993945611822312e-05,0.37450184778823825,0.021421408359225576,0.048708728940511425,0.070130137299737,0.070130137299737,0.004396671653393286,0.004374742352653729,2.1929300739556915e-05,0.004396671653393286,0.004374742352653729,2.8849704619228712e-08,2.840416145685957e-08,-0.22464822338617818,0.01801702845753539,0.02129449056749877,0.21977166941878967,0.33499999999999996,0.7498648722865686,0.6648583916377263,1.1438125977989185e-16,2.926460528312269,1.6692455821941102e-15
62,virtual,4.853168371993805,25,0.970633674398761,3.882534697595044,0.9706336743987607,2.9119010231962834,2.926460528312269,0.014559505115981418,2.911901023196284,3.8825346975950445,1926372.3799364604,1958509.3031279712,event: W10_CAPACITY_WINDOW [experiment],1958509.3031279712,3.882534697595044,EXPECTED_PROTOCOL_EVENT,3.0,2.9980414617312134,99.75896968123537,99.99689636269008,SOC_UPPER_BOUND_NOT_REACHED,3,3,13.878348896088351,3758.1786319456446,2867.644719131816,1944.0665370250126,1800.0,0.0,0.0,0.0,2881.8814250195865,18871.273529492784,0.43799999984912574,1.4690000000409782,0.5779999999795109,0.5470000000204891,0.375,0.0,0.0,0.0,0.796000000089407,142.56199999991804,3.4085579637046526,297.28295617830025,296.1780618279179,325.4890706392821,296.15,29.339070639282113,4.791520110206999,4.791488352292318,-3.175791468112976e-05,0.3785311552230155,0.021629422424786528,0.049112046944068094,0.07074146936885461,0.07074146936885461,0.004459465786544204,0.0044376275000869315,2.183828645727255e-05,0.004459465786544204,0.0044376275000869315,2.9081375727157087e-08,2.8639145829247964e-08,-0.2332868810769593,0.01831150463549136,0.0216235119498549,0.21950674749597945,0.33499999999999996,0.7498626637152339,0.6648562036455337,3.431437793396756e-16,2.926460528312269,1.5174959838128273e-15
63,virtual,4.853168371993805,25,0.970633674398761,3.882534697595044,0.9706336743987611,2.911901023196283,2.926460528312269,0.014559505115981416,2.911901023196283,3.882534697595044,1958509.3031279712,1990666.4610287535,event: W10_CAPACITY_WINDOW [experiment],1990666.4610287535,3.882534697595044,EXPECTED_PROTOCOL_EVENT,3.0,2.9980414617312134,99.76037214215334,99.9971708775915,SOC_UPPER_BOUND_NOT_REACHED,3,3,13.785181322261447,3774.603302024996,2865.7646179490134,1949.8498140805268,1800.0,0.0,0.0,0.0,2881.8814250195865,18871.27356038592,0.4059999999590218,1.172000000020489,0.5779999999795109,0.6089999999385327,0.375,0.0,0.0,0.0,0.7809999999590218,142.7180000001099,3.408412593113402,297.28478802589274,296.1779651499593,325.42813239106687,296.15,29.27813239106689,4.7915069542621165,4.79148521951028,-2.173475183653295e-05,0.38254149193538467,0.021835902893643205,0.049512300723476343,0.07134820361711955,0.07134820361711955,0.004522445426077595,0.004500697409320622,2.17480167569728e-05,0.004522445426077595,0.004500697409320622,2.931134080568952e-08,2.8872340002789658e-08,-0.23192889135558697,0.018605961098543844,0.02195194201267725,0.2192437799103782,0.33499999999999996,0.749860455291761,0.6648540195856159,1.1438125977989185e-16,2.926460528312269,1.6692455821941102e-15
64,virtual,4.853168371993805,25,0.970633674398761,3.882534697595044,0.9706336743987611,2.911901023196283,2.926460528312269,0.014559505115981416,2.911901023196283,3.882534697595044,1990666.4610287535,2022844.0482659512,event: W10_CAPACITY_WINDOW [experiment],2022844.0482659512,3.882534697595044,EXPECTED_PROTOCOL_EVENT,3.0,2.9980414617312134,99.76134442801609,99.99703203664073,SOC_UPPER_BOUND_NOT_REACHED,3,3,13.693042510612942,3791.2318836534964,2863.873326596141,1955.6340350595465,1800.0,0.0,0.0,0.0,2881.8814250195865,18871.273524358403,0.4059999999590218,1.8900000001303852,0.5470000000204891,0.5469999997876585,0.48499999986961484,0.0,0.0,0.0,0.7819999998901039,144.1720000000205,3.408266990533445,297.28662957496385,296.17786922852775,325.3609948694292,296.15,29.210994869429214,4.791509397907929,4.791482449732009,-2.6948175920082917e-05,0.3865358646019388,0.02204088619744606,0.049909565224325395,0.07195045142177145,0.07195045142177145,0.004585794051046937,0.004564135651923917,2.1658399123020144e-05,0.004585794051046937,0.004564135651923917,2.9539640399916676e-08,2.9103787719049242e-08,-0.23033699220717116,0.01890039781493158,0.02227976130743059,0.2189827084268524,0.33499999999999996,0.7498582470163881,0.6648518395873058,1.1438125977989185e-16,2.926460528312269,1.6692455821941102e-15
65,virtual,4.853168371993805,25,0.970633674398761,3.882534697595044,0.9706336743987607,2.9119010231962834,2.926460528312269,0.014559505115981418,2.911901023196384,3.882534697595145,2022844.0482659512,2055040.5258347972,event: W10_CAPACITY_WINDOW [experiment],2055040.5258347972,3.882534697595044,EXPECTED_PROTOCOL_EVENT,3.0,2.9980414617312134,99.76254601367643,99.99706875364164,SOC_UPPER_BOUND_NOT_REACHED,3,3,13.601974249945025,3806.182438629052,2862.075466897618,1961.4628321167738,1800.0,0.0,0.0,0.0,2881.8814250195865,18871.27343193302,0.40600000019185245,2.125,0.7969999997876585,0.625,0.375,0.0,0.0,0.0,0.7809999999590218,143.84399999980815,3.408121169999922,297.28846181284706,296.1777715080073,325.3310773574288,296.15,29.18107735742882,4.791505348371034,4.791479164758789,-2.6183612245489485e-05,0.3904978396273435,0.02224440587626886,0.05030390954065478,0.07254831541692364,0.07254831541692364,0.004648273967308272,0.004626704647994799,2.156931931347316e-05,0.004648273967308272,0.004626704647994799,2.9766311836107605e-08,2.9333529306254832e-08,-0.22576414620386773,0.019194814673753058,0.022607121596053048,0.2187235609116334,0.33499999999999996,0.749856038889947,0.6648496626413865,3.431437793396756e-16,2.926460528312269,1.5174959838128273e-15
66,virtual,4.853168371993805,25,0.970633674398761,3.882534697595044,0.9706336743987611,2.911901023196283,2.926460528312269,0.014559505115981416,2.9119010231963833,3.8825346975951445,2055040.5258347972,2087257.397509654,event: W10_CAPACITY_WINDOW [experiment],2087257.397509654,3.882534697595044,EXPECTED_PROTOCOL_EVENT,3.0,2.9980414617312134,99.7632183394023,99.9966341429458,SOC_UPPER_BOUND_NOT_REACHED,3,3,13.511928283452772,3822.6974955319265,2860.196414145198,1967.3107127509911,1800.0,0.0,0.0,0.0,2881.8814250195865,18871.27369912574,0.40699999989010394,1.1559999999590218,0.5620000001508743,0.6099999998696148,0.4839999999385327,0.0,0.0,0.0,0.7809999999590218,143.59399999980815,3.4079767106529104,297.29029491589006,296.1776743654866,325.2683576207117,296.15,29.11835762071172,4.791519498749755,4.791475976340739,-4.352240901628335e-05,0.3944439296551536,0.022446497808263785,0.050695407065287086,0.07314190487355088,0.07314190487355088,0.004711060459967171,0.004689579861220966,2.1480598746204463e-05,0.004711060459967171,0.004689579861220966,2.999139504399996e-08,2.9561607598254402e-08,-0.22610432236124794,0.019489211460282263,0.022933836398607355,0.21846622254907283,0.33499999999999996,0.749853830914048,0.6648474899879494,1.1438125977989185e-16,2.926460528312269,1.6692455821941102e-15
67,virtual,4.853168371993805,25,0.970633674398761,3.882534697595044,0.9706336743987611,2.911901023196283,2.926460528312269,0.014559505115981416,2.911901023196284,3.882534697595045,2087257.397509654,2119493.7458390025,event: W10_CAPACITY_WINDOW [experiment],2119493.7458390025,3.882534697595044,EXPECTED_PROTOCOL_EVENT,3.0,2.9980414617312134,99.76457195635774,99.99685276851879,SOC_UPPER_BOUND_NOT_REACHED,3,3,13.42292359521032,3838.203258288616,2858.3735011077597,1973.1934790787345,1800.0000000002328,0.0,0.0,0.0,2881.8814250198193,18871.273742258083,0.40600000019185245,1.125,0.5470000000204891,0.6569999998901039,0.3899999998975545,0.0,0.0,0.0,0.8130000000819564,143.25,3.4078313753013867,297.2921265270305,296.17757596783366,325.2263732650832,296.15,29.076373265083248,4.791508314578989,4.791472955573488,-3.5359005501334195e-05,0.39836426185644314,0.022647191943889037,0.05108411949100383,0.07373131143489287,0.07373131143489287,0.004773398808274731,0.004752006363713395,2.1392444561335947e-05,0.004773398808274731,0.004752006363713395,3.0214923354366016e-08,2.9788058604975687e-08,-0.23942307529840734,0.019783588222594517,0.023260025982395405,0.2182106979116451,0.33499999999999996,0.7498516230883306,0.6648453208272173,1.1438125977989185e-16,2.926460528312269,1.6692455821941102e-15
68,virtual,4.853168371993805,25,0.970633674398761,3.882534697595044,0.9706336743987611,2.911901023196283,2.926460528312269,0.014559505115981416,2.9119010231962834,3.8825346975950445,2119493.7458390025,2151750.5155830043,event: W10_CAPACITY_WINDOW [experiment],2151750.5155830043,3.882534697595044,EXPECTED_PROTOCOL_EVENT,3.0,2.9980414617312134,99.76622867237894,99.99741568541617,SOC_UPPER_BOUND_NOT_REACHED,3,3,13.334871737045013,3854.7067648158113,2856.502843384477,1979.0701380753217,1800.0,0.0,0.0,0.0,2881.8814250198193,18871.273700969294,0.3910000000614673,1.1400000001303852,0.5629999998491257,0.625,0.375,0.0,0.0,0.0,0.8910000000614673,143.56200000015087,3.407685706249578,297.29396305101193,296.1774786767443,325.1648772768572,296.15,29.01487727685725,4.791483161772804,4.791469652797915,-1.3508974889830938e-05,0.4022694702302516,0.02284652202127948,0.05147011564578118,0.07431663766706066,0.07431663766706066,0.004836030856689067,0.004814726046458204,2.1304810230863072e-05,0.004836030856689067,0.004814726046458204,3.04369343152886e-08,3.001292249608843e-08,-0.23057333336933247,0.020077944833047923,0.023585687481443074,0.2179569001698713,0.33499999999999996,0.7498494154137523,0.6648431551782485,1.1438125977989185e-16,2.926460528312269,1.6692455821941102e-15
69,virtual,4.853168371993805,25,0.970633674398761,3.882534697595044,0.9706336743987607,2.9119010231962834,2.926460528312269,0.014559505115981418,2.9119010231962834,3.882534697595044,2151750.5155830043,2184027.037701416,event: W10_CAPACITY_WINDOW [experiment],2184027.037701416,3.882534697595044,EXPECTED_PROTOCOL_EVENT,3.0,2.9980414617312134,99.7660174989297,99.99608193808933,SOC_UPPER_BOUND_NOT_REACHED,3,3,13.247753131977868,3870.4450015028347,2854.677181264405,1984.9970930618429,1800.0,0.0,0.0,0.0,2881.8814250198193,18871.273664430715,0.40600000019185245,1.1409999998286366,0.5470000000204891,0.6410000000614673,0.375,0.0,0.0,0.0,0.796000000089407,144.7180000001099,3.40754001534243,297.29579280839965,296.17737985265484,325.11942473465206,296.15,28.96942473465208,4.791532111705797,4.79146625367709,-6.585802870695545e-05,0.40615147210641567,0.023044515004448655,0.051853451050507274,0.07489796605495593,0.07489796605495593,0.004898343222972306,0.0048771255795385425,2.1217643433763325e-05,0.004898343222972306,0.0048771255795385425,3.065745793336621e-08,3.0236231680696956e-08,-0.22717182290457247,0.02037228113216827,0.023910736533551358,0.21770482961893686,0.33499999999999996,0.7498472078915088,0.6648409936020521,3.431437793396756e-16,2.926460528312269,1.5174959838128273e-15
70,virtual,4.853168371993805,25,0.970633674398761,3.882534697595044,0.9706336743987611,2.911901023196283,2.926460528312269,0.014559505115981416,2.9119010231962834,3.8825346975950445,2184027.037701416,2216322.95908942,event: W10_CAPACITY_WINDOW [experiment],2216322.95908942,3.882534697595044,EXPECTED_PROTOCOL_EVENT,3.0,2.9980414617312134,99.76817683936136,99.9971236443994,SOC_UPPER_BOUND_NOT_REACHED,3,3,13.161548700593018,3885.795826268145,2852.864524247974,1990.9442463770429,1800.0,0.0,0.0,0.0,2881.8814250198193,18871.273817390203,0.39099999982863665,1.202999999979511,0.5310000001918525,0.5939999998081475,0.375,0.0,0.0,0.0,0.7819999998901039,143.40599999995902,3.407394964590031,297.29762177243816,296.1772807321328,325.07967967795037,296.15,28.92967967795039,4.791488775004152,4.791462974582551,-2.5800421600941092e-05,0.41000860480072276,0.023241200636446652,0.0522341864324225,0.07547538706886915,0.07547538706886915,0.0049601814914122045,0.00493905058763267,2.113090377953413e-05,0.0049601814914122045,0.00493905058763267,3.087652730959673e-08,3.045802160273894e-08,-0.22906210927267256,0.02066659701512208,0.02423526246573715,0.21745445654157866,0.33499999999999996,0.7498450005223867,0.664838835504603,1.1438125977989185e-16,2.926460528312269,1.6692455821941102e-15
71,virtual,4.853168371993805,25,0.970633674398761,3.882534697595044,0.9706336743987611,2.911901023196283,2.926460528312269,0.014559505115981416,2.9119010231962834,3.8825346975950445,2216322.95908942,2248639.616716679,event: W10_CAPACITY_WINDOW [experiment],2248639.616716679,3.882534697595044,EXPECTED_PROTOCOL_EVENT,3.0,2.9980414617312134,99.76724433775415,99.99510744928853,SOC_UPPER_BOUND_NOT_REACHED,3,3,13.076248971034461,3902.5283835457963,2851.003996837547,1996.8938776455343,1800.0,0.0,0.0,0.0,2881.8814250198193,18871.273695239797,0.4059999999590218,1.25,0.5470000000204891,0.6400000001303852,0.4839999999385327,0.0,0.0,0.0,0.8279999999795109,143.85900000017136,3.4072488527932285,297.29945115723376,296.1771823039605,325.0156931154471,296.15,28.86569311544713,4.79156413527017,4.791459912273149,-0.00010422299702117499,0.41385259779451644,0.023436607912537655,0.052612380904553585,0.07604898881709124,0.07604898881709124,0.005022375153928101,0.00500133044583541,2.104470809269083e-05,0.005022375153928101,0.00500133044583541,3.109417471283814e-08,3.067832676386136e-08,-0.23021483934017614,0.02096089242928656,0.024559179302656275,0.21720569520827868,0.33499999999999996,0.7498427933067805,0.6648366814576375,1.1438125977989185e-16,2.926460528312269,1.6692455821941102e-15
72,virtual,4.853168371993805,25,0.970633674398761,3.882534697595044,0.9706336743987611,2.911901023196283,2.926460528312269,0.014559505115981416,2.911901023196284,3.882534697595045,2248639.616716679,2280975.60433317,event: W10_CAPACITY_WINDOW [experiment],2280975.60433317,3.882534697595044,EXPECTED_PROTOCOL_EVENT,3.0,2.9980414617312134,99.77010524035269,99.99686112526517,SOC_UPPER_BOUND_NOT_REACHED,3,3,12.991768613300396,3917.760661550791,2849.2024461928318,2002.8780200400643,1800.0,0.0,0.0,0.0,2881.8814250198193,18871.273295074236,0.4369999999180436,1.0940000000409782,0.5470000000204891,0.6559999999590218,0.39000000013038516,0.0,0.0,0.0,0.7970000000204891,144.125,3.407101607900369,297.301281608751,296.1770827754605,324.9775221742085,296.15,28.827522174208525,4.791493745459636,4.791457112107986,-3.663335164993953e-05,0.4176720495988775,0.023630761677763405,0.052988085392764186,0.07661884707052759,0.07661884707052759,0.005084059790207461,0.005063100768065008,2.0959022142452884e-05,0.005084059790207461,0.005063100768065008,3.131042779165921e-08,3.0897176890874776e-08,-0.22834048977883714,0.021255167288927623,0.024882694831063645,0.21695856333212424,0.33499999999999996,0.7498405862453331,0.6648345300793737,1.1438125977989185e-16,2.926460528312269,1.6692455821941102e-15
73,virtual,4.853168371993805,25,0.970633674398761,3.882534697595044,0.9706336743987611,2.911901023196283,2.926460528312269,0.014559505115981416,2.9119010231962834,3.8825346975950445,2280975.60433317,2313331.7695517014,event: W10_CAPACITY_WINDOW [experiment],2313331.7695517014,3.882534697595044,EXPECTED_PROTOCOL_EVENT,3.0,2.9980414617312134,99.77165687884353,99.9973301581747,SOC_UPPER_BOUND_NOT_REACHED,3,3,12.908170887544054,3933.860943920774,2847.3709790225867,2008.8704544654893,1800.0,0.0,0.0,0.0,2881.8814250198193,18871.27324521495,0.40600000019185245,1.078999999910593,0.5619999999180436,0.625,0.3899999998975545,0.0,0.0,0.0,0.9060000001918525,144.56199999991804,3.4069556018307807,297.3031158294695,296.1769836820842,324.92395862294853,296.15,28.773958622948555,4.79147463549974,4.791455940138859,-1.8695360880727208e-05,0.4214741535883917,0.023823689253790026,0.053361355470947835,0.07718504472473786,0.07718504472473786,0.0051457388734773195,0.005124865151649454,2.0873721827865087e-05,0.0051457388734773195,0.005124865151649454,3.152531695226441e-08,3.1114604420095636e-08,-0.22871149823344594,0.02154942133498139,0.025205647931002773,0.2167129963058026,0.33499999999999996,0.7498383793399878,0.664832382441259,1.1438125977989185e-16,2.926460528312269,1.6692455821941102e-15
74,virtual,4.853168371993805,25,0.970633674398761,3.882534697595044,0.9706336743987607,2.9119010231962834,2.926460528312269,0.014559505115981418,2.911901023196384,3.882534697595145,2313331.7695517014,2345707.96135457,event: W10_CAPACITY_WINDOW [experiment],2345707.96135457,3.882534697595044,EXPECTED_PROTOCOL_EVENT,3.0,2.9980414617312134,99.77232050335579,99.99690825329655,SOC_UPPER_BOUND_NOT_REACHED,3,3,12.82530709628324,3949.771751647847,2845.554195536819,2014.8859381896873,1800.0,0.0,0.0,0.0,2881.8814250198193,18871.27318537794,0.4059999999590218,1.0160000000614673,0.546000000089407,0.6099999998696148,0.39099999982863665,0.0,0.0,0.0,0.7970000000204891,144.0470000000205,3.4068094652451935,297.30495058187927,296.17688426946165,324.87446805682606,296.15,28.724468056826083,4.791490391028222,4.7914550651028565,-3.532592536537038e-05,0.42525757679928233,0.024015415862627298,0.05373224251291902,0.07774765837554631,0.07774765837554631,0.005207293238453363,0.005186504342069277,2.0788896384085764e-05,0.005207293238453363,0.005186504342069277,3.173887026361897e-08,3.1330639337713557e-08,-0.22912851037258583,0.021843654543147295,0.025527951306614227,0.21646896829902998,0.33499999999999996,0.7498361725909265,0.6648302391238112,3.431437793396756e-16,2.926460528312269,1.5174959838128273e-15
75,virtual,4.853168371993805,25,0.970633674398761,3.882534697595044,0.9706336743987607,2.9119010231962834,2.926460528312269,0.014559505115981418,2.9119010231962843,3.882534697595045,2345707.96135457,2378104.203117228,event: W10_CAPACITY_WINDOW [experiment],2378104.203117228,3.882534697595044,EXPECTED_PROTOCOL_EVENT,3.0,2.9980414617312134,99.77387171180234,99.99738382775504,SOC_UPPER_BOUND_NOT_REACHED,3,3,12.74320061718929,3965.699132670751,2843.738216905947,2020.9064786897015,1800.0,0.0,0.0,0.0,2881.8814250198193,18871.2733087549,0.39000000013038516,1.2349999998696148,0.5470000000204891,0.6400000001303852,0.375,0.0,0.0,0.0,0.796000000089407,143.0,3.406663879239061,297.3067851374191,296.17678510174,324.8252940492664,296.15,28.675294049266427,4.791469696487328,4.791452907164287,-1.6789323040278248e-05,0.4290232052584031,0.024205965550725635,0.054100795490062595,0.07830676104078824,0.07830676104078824,0.005268756428404844,0.005248052013045582,2.0704415359261603e-05,0.005268756428404844,0.005248052013045582,3.1951114486187584e-08,3.154531022826297e-08,-0.2295401753127688,0.022137866860632016,0.0258497833753637,0.2162264461606335,0.33499999999999996,0.7498339659985453,0.6648280989405541,3.431437793396756e-16,2.926460528312269,1.5174959838128273e-15
