time_s,current_a
0.0,-0.0015204469735231102
1.0,0.0016447568160363724
2.0,0.0034283942089779807
3.0,0.0048088825241794746
4.0,-2.7295252209788968e-05
5.0,-0.026342637092829923
6.0,-0.05008728649838911
7.0,-0.0506750894729881
8.0,-0.05115201156853984
9.0,-0.05146527881297938
10.0,-0.0511492146946456
11.0,-0.05048246096411473
12.0,-0.05137526358251097
13.0,-0.052146191810016326
14.0,-0.05178111283845519
15.0,-0.05137874456070315
16.0,-0.04997911008746354
17.0,-0.0510765606230502
18.0,-0.04767354009495513
19.0,-0.02206542749255801
20.0,0.007737142023709854
21.0,0.09797643098029937
22.0,0.32720078978143213
23.0,0.6839705795020741
24.0,1.002766372477728
25.0,1.1573874944203444
26.0,1.3071833975148053
27.0,1.5628160999110705
28.0,1.7082641451821088
29.0,1.7817810410159245
30.0,1.8884669553750109
31.0,1.7458394440498919
32.0,1.3719179662445755
33.0,1.0136029875903223
34.0,0.7728178052603873
35.0,0.49880427126857235
36.0,0.14867172199691298
37.0,0.018847707412649697
38.0,0.040077594130474584
39.0,0.15905310776066625
40.0,0.48606303290578856
41.0,1.0074915434136251
42.0,1.5027204025440968
43.0,1.8413785700204235
44.0,2.12610984960849
45.0,2.229779756173649
46.0,2.1352593125102035
47.0,1.844539529236231
48.0,1.3634732341728564
49.0,0.6886654774898375
50.0,0.18015859372834037
51.0,-0.042171311882943374
52.0,-0.0717274496974277
53.0,0.2991697646288807
54.0,1.0056577721358153
55.0,1.7140031649417207
56.0,2.1949021662408157
57.0,2.3760236839402467
58.0,2.287214693612714
59.0,2.0605136063952467
60.0,1.78376604831713
61.0,1.536084602136865
62.0,1.3859220727709987
63.0,1.3173626262290614
64.0,1.2641912026667623
65.0,1.268425711692422
66.0,1.3085198358067094
67.0,1.3674503834781184
68.0,1.4576278019846707
69.0,1.532063009056704
70.0,1.5271580950143933
71.0,1.44144482588615
72.0,1.3296109194730314
73.0,1.2894598758572888
74.0,1.352677130967701
75.0,1.4454916321676856
76.0,1.5124489861087298
77.0,1.5814168593773834
78.0,1.6339726142278486
79.0,1.6797035567890566
80.0,1.8359501155673978
81.0,2.0080864648749794
82.0,2.060195018622432
83.0,1.9965736178435953
84.0,1.8772457079047042
85.0,1.6869832625724719
86.0,1.428545129805435
87.0,1.1785883834851112
88.0,1.005753688732569
89.0,0.900611076857136
90.0,0.9344988068620439
91.0,0.9539129056693607
92.0,0.8847008428725389
93.0,0.8307810872355943
94.0,0.8826008937539062
95.0,0.9907543696490843
96.0,1.1792230654731894
97.0,1.3667311379419744
98.0,1.439235045635919
99.0,1.2902378501290919
100.0,0.9819213560029081
101.0,0.7020068630715841
102.0,0.6760716277215174
103.0,0.8222178088062941
104.0,1.0445804154928027
105.0,1.3205815925646698
106.0,1.5339028523419622
107.0,1.5218968999670224
108.0,1.3591070780328158
109.0,1.0669396358335128
110.0,0.5650583056996371
111.0,-0.23621675755861252
112.0,-1.0299909940701888
113.0,-1.3233657282345623
114.0,-1.3231573384756516
115.0,-1.3235000114525952
116.0,-1.3236432149928963
117.0,-1.3207255774334012
118.0,-1.1740235256995992
119.0,-0.8038090119082639
120.0,-0.46355821922577134
121.0,-0.20417675433871957
122.0,-0.02374018905694908
123.0,0.007598270464446385
124.0,0.008736652434118754
125.0,0.007065661961263105
126.0,0.007305938231012475
127.0,0.007056991321555965
128.0,0.007902098368013168
129.0,0.009812524463986377
130.0,0.005355092077291075
131.0,0.005263626456903033
132.0,0.0058462030958786205
133.0,0.006129670216010949
134.0,0.004426250241503664
135.0,0.007345355548603895
136.0,0.007236287140229877
137.0,0.005359733798677506
138.0,0.008583923626459279
139.0,0.007688959498404375
140.0,0.0073128465977894625
141.0,0.00642845000905366
142.0,0.007451299965725148
143.0,0.006801200672023347
144.0,0.007931413896661025
145.0,0.006147768433712735
146.0,0.006119681276175723
147.0,0.00575933023479818
148.0,0.0031005649507918932
149.0,0.004475814617473934
150.0,0.008469589948827431
151.0,0.007442158532014284
152.0,0.005818827307231791
153.0,0.005770763621777239
154.0,0.006599003157126894
155.0,0.007415517606067359
156.0,0.010707744756536661
157.0,0.07066634442167664
158.0,0.2274420150330192
159.0,0.5071815800924078
160.0,0.9268585350612162
161.0,1.5268553858982554
162.0,2.0174367899886536
163.0,2.36618147918646
164.0,2.4892475594295496
165.0,2.4163966015189327
166.0,2.0279725363552745
167.0,1.5941028192648956
168.0,1.2592296482227447
169.0,1.1262168599135696
170.0,1.0726390178060694
171.0,1.2208046196525328
172.0,1.4589524148730513
173.0,1.65177706712004
174.0,1.436812064944295
175.0,0.9210765485680088
176.0,0.39922669572137287
177.0,-0.23801070840868005
178.0,-0.6950464910805546
179.0,-0.5414315460528065
180.0,-0.016253786300693768
181.0,0.6000472579091711
182.0,1.3613313481949143
183.0,2.038797135670448
184.0,2.546422688310595
185.0,3.1238836871732234
186.0,3.7590287975213466
187.0,4.209395734776452
188.0,4.4063163307616895
189.0,4.401011764119885
190.0,4.171394491750023
191.0,3.875304362194937
192.0,3.6623480060210127
193.0,3.6898115847184525
194.0,3.5963698722278865
195.0,3.422563152386602
196.0,3.1883289980775142
197.0,2.7146536529977174
198.0,2.0777650675357195
199.0,1.505247473745665
200.0,1.0925083754726501
201.0,0.7868506482622641
202.0,0.7180930866552485
203.0,0.8093070307198386
204.0,0.9187784789085648
205.0,1.1137767986606093
206.0,1.3041725910762618
207.0,1.597034631209094
208.0,1.9030667944117419
209.0,2.148523386146168
210.0,2.3434101007051154
211.0,2.4664563953418854
212.0,2.4646513213150643
213.0,2.4520801577205447
214.0,2.53854152188789
215.0,2.711437436622779
216.0,2.913391601609993
217.0,3.0624106201081007
218.0,3.0006414898021534
219.0,2.710960263560626
220.0,2.180393774631881
221.0,1.5763286050073995
222.0,1.33223761051131
223.0,1.3970207943072557
224.0,1.6168504291451586
225.0,2.009263986836937
226.0,2.317883041826245
227.0,2.4413576167031996
228.0,2.3902276888309735
229.0,2.3087408495774904
230.0,2.1272375224592546
231.0,1.8845360279685597
232.0,1.6575104886478018
233.0,1.5321570600935395
234.0,1.4584545684876824
235.0,1.4749099654897366
236.0,1.5625036911224013
237.0,1.52359263032387
238.0,1.3030271516969238
239.0,1.0176659024751324
240.0,0.6520884910094831
241.0,0.3140429955271105
242.0,0.14904280317197036
243.0,0.231844020158097
244.0,0.3247724210694732
245.0,0.6933887929434168
246.0,1.1522311511355483
247.0,1.415250530536197
248.0,1.543291029634604
249.0,1.5856669508382235
250.0,1.2714658124511757
251.0,0.8486461863770567
252.0,0.5691673756348011
253.0,0.323322485875939
254.0,0.4095687392173683
255.0,0.6122278768799279
256.0,0.7017476962473961
257.0,0.8464964764645809
258.0,0.9276403954507074
259.0,0.945359070405359
260.0,1.1878947644228848
261.0,1.4460753114054647
262.0,1.814284444789089
263.0,2.1583278259255847
264.0,2.392165614729682
265.0,2.579934974069128
266.0,2.7852017417648485
267.0,2.824360482350399
268.0,2.711580355366874
269.0,2.6008696913489566
270.0,2.1821483756655797
271.0,1.568062920049433
272.0,0.9301835397367938
273.0,0.34976260641291435
274.0,-0.2547295257034774
275.0,-0.6362059002413515
276.0,-0.5042837979363167
277.0,-0.08690330292518038
278.0,0.178997998174044
279.0,0.37790293808190695
280.0,0.6233316530222301
281.0,0.6794318245903539
282.0,0.5507194390789343
283.0,0.5944561946052422
284.0,0.796620782395321
285.0,0.812095974099575
286.0,0.729935579980029
287.0,0.6184976778612186
288.0,0.5088003865628923
289.0,0.23741149901156988
290.0,-0.08602610909466318
291.0,-0.4870467006353658
292.0,-0.7240059166745872
293.0,-1.0208915754571357
294.0,-1.132173278565046
295.0,-1.1675526248092944
296.0,-1.2661835076876027
297.0,-1.3220265999104999
298.0,-1.3233654762342921
299.0,-1.3229764255385736
300.0,-1.3229883540879073
301.0,-1.241160321559298
302.0,-0.911813494215818
303.0,-0.34164483869861356
304.0,-0.03679303991288731
305.0,-0.017335384503411037
306.0,-0.06573511200223145
307.0,-0.3635422589279861
308.0,-0.8480695595610322
309.0,-1.021949922536487
310.0,-0.9403833333182429
311.0,-0.6900269748214215
312.0,-0.3037381338830505
313.0,-0.08308470773694314
314.0,-0.19409356700995262
315.0,-0.36009618809528776
316.0,-0.5391909443981541
317.0,-0.5500616946220234
318.0,-0.38944798468485226
319.0,-0.21201072753548483
320.0,-0.10279152802482214
321.0,0.014084198699414834
322.0,0.035822792723456
323.0,0.008880407332641576
324.0,0.006613480528369484
325.0,0.00489765910285093
326.0,0.007023742563949311
327.0,0.007593794544377991
328.0,0.007943574371241954
329.0,0.007675924447834389
330.0,0.006669329152521596
331.0,0.013931918716422015
332.0,0.033741155793789245
333.0,0.14812781088879137
334.0,0.40160192774235076
335.0,0.7948454611642783
336.0,1.2975819184557837
337.0,1.8911917628877106
338.0,2.358696442538581
339.0,2.626112471317741
340.0,2.657813764406601
341.0,2.557871973627081
342.0,2.437500912954226
343.0,2.3881312100246284
344.0,2.383687143537885
345.0,2.3418643453029984
346.0,2.2327783922030453
347.0,2.0613557736529544
348.0,1.905364124252391
349.0,1.8254438207576358
350.0,1.7458227916423392
351.0,1.6246444925257109
352.0,1.407023543589033
353.0,1.134435180924722
354.0,1.0305457941190883
355.0,1.1362099625584647
356.0,1.1800309535170326
357.0,1.1735466918631887
358.0,1.1197912350311467
359.0,0.901078852239743
360.0,0.6565230978459664
361.0,0.6112567376100475
362.0,0.7314803528234207
363.0,0.8199746065552279
364.0,0.7904206488340966
365.0,0.6356213105182836
366.0,0.3407185817512497
367.0,-0.02370254177485857
368.0,-0.4018603966624043
369.0,-0.9614591419898039
370.0,-1.299679903985144
371.0,-1.3234563121661647
372.0,-1.3231212639853396
373.0,-1.3230538018545777
374.0,-1.3232408523814654
375.0,-1.3232230329903951
376.0,-1.3234994413643697
377.0,-1.2529573462217076
378.0,-1.039556976351389
379.0,-0.7278412544291134
380.0,-0.45714580450602976
381.0,-0.24066035005691525
382.0,-0.044053978429209086
383.0,0.00827893836668332
384.0,0.010737163544640865
385.0,0.022607872708349994
386.0,0.11602319218436352
387.0,0.3562250190236137
388.0,0.7150222549641244
389.0,1.2651796980976877
390.0,1.8720370909787656
391.0,2.489633245695594
392.0,2.890369525859109
393.0,3.0229651448340933
394.0,3.012047008027401
395.0,2.877439821573256
396.0,2.5642263903279345
397.0,2.222228332936151
398.0,1.8898112744840516
399.0,1.5217065426139016
400.0,1.1745694831840618
401.0,0.8747085530452965
402.0,0.44658972732482627
403.0,-0.17249902961886368
404.0,-0.813528751381357
405.0,-1.2486745400599284
406.0,-1.3231948387009773
407.0,-1.323423978183029
408.0,-1.306170326273652
409.0,-1.1001452920270778
410.0,-0.6948031732894282
411.0,-0.37801329726220867
412.0,-0.12840868068396805
413.0,0.012131839690337026
414.0,0.019840491799074395
415.0,0.008945671908929616
416.0,0.012527872865341337
417.0,0.01211337377216932
418.0,0.01312092953155079
419.0,0.012087429386284041
420.0,0.010350358081832331
421.0,0.01214803384946993
422.0,0.0089952657185417
423.0,0.00977996289823592
424.0,0.010330058499931627
425.0,0.010514568859797043
426.0,0.010813372385715314
427.0,0.011031058239376995
428.0,0.019314654677574657
429.0,0.1267138745678918
430.0,0.3650156406574211
431.0,0.7747437627083155
432.0,1.3233592260002907
433.0,1.979428687921126
434.0,2.623553461479044
435.0,3.168969014407985
436.0,3.345591098257192
437.0,3.2909716400726112
438.0,3.3114941425897158
439.0,3.117351683406092
440.0,2.7667130372959026
441.0,2.686599669489425
442.0,2.4615749205785313
443.0,2.0814227120380178
444.0,1.8327617159687744
445.0,1.5479886626584176
446.0,1.2792830774312878
447.0,1.0353334599290245
448.0,0.7363293807518502
449.0,0.6142007079945931
450.0,0.5953555255504605
451.0,0.4498303092974471
452.0,0.41465924756987604
453.0,0.46635627695506154
454.0,0.3388473229339298
455.0,0.2870386474432745
456.0,0.39212841253149056
457.0,0.46831421457513944
458.0,0.4868676706263343
459.0,0.5440992475290028
460.0,0.47921011591076745
461.0,0.5248530640885892
462.0,0.5979386195201791
463.0,0.6625354258804842
464.0,0.5849167486155576
465.0,0.6029101590282091
466.0,0.5530460970589935
467.0,0.41554697304096255
468.0,0.3269026437575376
469.0,0.3274107459723243
470.0,0.17944179867259263
471.0,-0.23515427295380062
472.0,-0.7066967754932804
473.0,-1.0831153470922783
474.0,-1.2920002723280288
475.0,-1.3234504303239978
476.0,-1.323647900872889
477.0,-1.323124068812116
478.0,-1.3234462270255885
479.0,-1.32353442868666
480.0,-1.3161114273030197
481.0,-1.14887753988794
482.0,-0.7547163359150417
483.0,-0.4097335772834579
484.0,-0.16495876336682658
485.0,-0.012892126034437104
486.0,0.0478845283147975
487.0,0.03242320288566286
488.0,0.01883288635288954
489.0,0.037904723426486917
490.0,0.11056390965173989
491.0,0.2186695961375946
492.0,0.3474788525347402
493.0,0.5159903386574766
494.0,0.72189748678509
495.0,0.9286944234882876
496.0,1.2252007431716445
497.0,1.5399621958198997
498.0,1.827441522731256
499.0,2.066909648933393
500.0,2.1960788655075
501.0,2.208201700679834
502.0,2.152897752624409
503.0,2.0859576128086377
504.0,2.034064942804112
505.0,1.998331247040328
506.0,1.9506723783947164
507.0,1.8385291245083768
508.0,1.694071762572241
509.0,1.5580421817857435
510.0,1.4271942869629
511.0,1.3480010548507826
512.0,1.3721027777724528
513.0,1.4757943060919128
514.0,1.5320536033729355
515.0,1.5167276301703743
516.0,1.4151434581491678
517.0,1.2694587554442316
518.0,1.1482095540234805
519.0,1.0876841298825817
520.0,1.0128823686509225
521.0,0.8005977733767262
522.0,0.26914417974518956
523.0,-0.3818065090656478
524.0,-0.9765988405546924
525.0,-1.2911651629475358
526.0,-1.3071511408024472
527.0,-1.0947056349062294
528.0,-0.7003297352985881
529.0,-0.3622181630424848
530.0,-0.12209430942559528
531.0,0.011342256198262684
532.0,0.034532357874014034
533.0,0.016274015730707803
534.0,0.012205874027417565
535.0,0.011923250707447772
536.0,0.012256546997570063
537.0,0.012698332947658746
538.0,0.010739591174487802
539.0,0.010757991142041618
540.0,0.011142223831179925
541.0,0.01067732894017842
542.0,0.01180251142596511
543.0,0.013374639634167764
544.0,0.05428081574514583
545.0,0.245588104119535
546.0,0.55602523070887
547.0,1.0155795897993412
548.0,1.409496177700693
549.0,1.7602119433348353
550.0,1.8671510409081407
551.0,1.7536850595548361
552.0,1.5664462588708907
553.0,1.4344604923702882
554.0,1.2863313003949906
555.0,1.1884542121728494
556.0,1.1092910239348572
557.0,1.010604378739575
558.0,0.9271625174781448
559.0,0.9448496930302976
560.0,1.0038409032828355
561.0,1.0481876753259265
562.0,1.0338774015500123
563.0,1.0341669220373342
564.0,0.9921736627262138
565.0,1.0106360996949322
566.0,1.1284773231543186
567.0,1.3032468605427205
568.0,1.488446284976946
569.0,1.643205095594962
570.0,1.7849993190829303
571.0,1.8125689450210734
572.0,1.729879178447898
573.0,1.6486682472832994
574.0,1.5868763536089958
575.0,1.5304223213287358
576.0,1.5162019066565902
577.0,1.4993132394849047
578.0,1.440484964710534
579.0,1.4190268121310072
580.0,1.5226208925461893
581.0,1.7308212536627265
582.0,1.939636716041538
583.0,2.081833247567927
584.0,2.025309658911609
585.0,1.4739502055568359
586.0,0.4911520230403006
587.0,-0.3405633084606525
588.0,-1.0841816343767032
589.0,-1.3195996258884595
590.0,-1.3228651244004621
591.0,-1.2047359735148484
592.0,-0.8666229013859598
593.0,-0.4775450970189615
594.0,-0.2077797791437719
595.0,-0.026461029588371036
596.0,0.0327892577084771
597.0,0.023060046726584064
598.0,0.011131683522443888
599.0,0.011168540609443998
600.0,0.012468856023489726
601.0,0.010780988730266937
602.0,0.010924408400810763
603.0,0.010505507998904977
604.0,0.009054859173065068
605.0,0.00908925499497338
606.0,0.009128346813476174
607.0,0.010754719310701617
608.0,0.009572817345111543
609.0,0.008282303271751619
610.0,0.009142026872416617
611.0,0.010769241405003864
612.0,0.010387932474902073
613.0,0.010438519047205292
614.0,0.00947047094171529
615.0,0.009043816269047591
616.0,0.01523520021537569
617.0,0.04181266409778526
618.0,0.16823809992723474
619.0,0.39127443842963283
620.0,0.683077361821162
621.0,1.0690307818673972
622.0,1.4382070926763606
623.0,1.7365093746301405
624.0,2.0502454946664908
625.0,2.276492453619972
626.0,2.3738545822856
627.0,2.443574779516184
628.0,2.4518107499464095
629.0,2.364063947076295
630.0,2.23783339177677
631.0,2.1124389997907573
632.0,1.9529866411227048
633.0,1.7678534145445988
634.0,1.6060779069915025
635.0,1.5254773637224008
636.0,1.469761925524868
637.0,1.3944719039203366
638.0,1.2589734349481652
639.0,0.9817796170227063
640.0,0.47969321335761117
641.0,-0.05726739918623419
642.0,-0.5716251308579282
643.0,-0.8897199813372059
644.0,-1.0380222730555568
645.0,-1.0079326935149182
646.0,-0.8728550112180772
647.0,-0.7258129392761398
648.0,-0.6182223154540685
649.0,-0.43154595339819535
650.0,-0.22339756499858854
651.0,-0.07095994074633576
652.0,0.0008690092901204467
653.0,0.011623948491804096
654.0,0.016916876066988388
655.0,0.020199694483172673
656.0,0.018417543890842703
657.0,0.020960667075436472
658.0,0.020883607211828296
659.0,0.01982967223146904
660.0,0.019758683981728198
661.0,0.019713441971418152
662.0,0.023146044044728562
663.0,0.047977465931574474
664.0,0.10941763847974573
665.0,0.22230587709143093
666.0,0.428465462746355
667.0,0.7182156261856155
668.0,1.058216781240688
669.0,1.411251639999532
670.0,1.6809560950690077
671.0,1.7572980907664015
672.0,1.6455951371724837
673.0,1.5501916872407173
674.0,1.5567690153692135
675.0,1.5875571975885536
676.0,1.7678892945544853
677.0,2.027978195737738
678.0,2.072506322717926
679.0,1.868211970667659
680.0,1.7255097045592585
681.0,1.6566190619525591
682.0,1.5274323537780823
683.0,1.3492602653655985
684.0,1.1499591756081
685.0,0.8245645963203495
686.0,0.27373504568275986
687.0,-0.2951701042609975
688.0,-0.688918897467991
689.0,-0.9450577248193807
690.0,-1.0278712478407215
691.0,-0.8587732580825405
692.0,-0.5947066079526835
693.0,-0.3392800947260906
694.0,-0.14522659665348797
695.0,-0.01679032182173979
696.0,0.09613570853200559
697.0,0.3381288157481311
698.0,0.6757922153540615
699.0,1.0925055822628498
700.0,1.4986175855079413
701.0,1.9774369299427885
702.0,2.350217494895245
703.0,2.586974338562161
704.0,2.634324896680831
705.0,2.5507325331831763
706.0,2.3350771064304587
707.0,2.065391302928635
708.0,1.8403286657983224
709.0,1.578567246042211
710.0,1.318899965376013
711.0,1.0215645558385122
712.0,0.5813158070571139
713.0,-0.10391411265495559
714.0,-0.7342069936624019
715.0,-0.9398604905059962
716.0,-0.8870380664429867
717.0,-0.7452609406873665
718.0,-0.5476215923593033
719.0,-0.2682362550061075
720.0,-0.0169031035497329
721.0,0.22051918126410439
722.0,0.7312567588357848
723.0,1.5513813689518037
724.0,2.066853545525499
725.0,2.251192584122678
726.0,2.2103272889944305
727.0,2.435179190772604
728.0,2.654820457371063
729.0,2.5895397328021614
730.0,2.2781635056076643
731.0,1.8777459262046594
732.0,1.5246756678641262
733.0,1.2534256423936272
734.0,1.1963020928055728
735.0,1.1707344352647722
736.0,1.1358246562346959
737.0,1.1432822416797115
738.0,1.2357997191904226
739.0,1.3487547804081446
740.0,1.4707017732087795
741.0,1.819908565317406
742.0,2.221443145461119
743.0,2.41715232106526
744.0,2.072445499729032
745.0,1.7542450427971616
746.0,1.4041795339054455
747.0,1.1200962424451513
748.0,0.8554137150877716
749.0,0.6862641094002441
750.0,0.7117381109269927
751.0,0.5068265019415228
752.0,0.3493844279942843
753.0,0.21640304941680252
754.0,0.12979504985637502
755.0,0.3361622667430576
756.0,0.7177419319144845
757.0,1.0964977739230857
758.0,1.1689670157016947
759.0,1.119793567630984
760.0,0.9739460370402505
761.0,0.7439672811640938
762.0,0.263517548546747
763.0,-0.10705342641645513
764.0,-0.3972496617165744
765.0,-0.09200132950541798
766.0,0.6985208136678991
767.0,1.2229799144055469
768.0,1.6120333694694724
769.0,1.8443276918347555
770.0,1.8926518495004234
771.0,1.9454818356528427
772.0,2.060969172585991
773.0,2.16756059782737
774.0,2.192946063476153
775.0,2.0970099028286855
776.0,1.95535850230845
777.0,1.7993957723610252
778.0,1.674453613260264
779.0,1.692349223316727
780.0,1.780933681210221
781.0,1.8515935901015412
782.0,1.8351875768290211
783.0,1.764393940053315
784.0,1.6266020107203674
785.0,1.3747631254079924
786.0,1.0857224916944719
787.0,0.8846934101825706
788.0,0.6304626965676965
789.0,0.41561358657898706
790.0,0.43191970494822596
791.0,0.6213845022782051
792.0,0.8504486375920602
793.0,1.1936381683789745
794.0,1.487874980687403
795.0,1.7199148482006394
796.0,1.8559433096611577
797.0,1.9383195109792049
798.0,1.969646528650274
799.0,2.044082046724819
800.0,2.038714288398389
801.0,1.9182309809640758
802.0,1.756299159368546
803.0,1.6050578136613565
804.0,1.4012908045976833
805.0,1.1776851776569872
806.0,1.0838717933798552
807.0,1.074271338395349
808.0,1.0481404223243826
809.0,1.0122901039455554
810.0,1.0165391896552227
811.0,1.2472900887166476
812.0,1.5327906049813556
813.0,1.6184879280781725
814.0,1.4555102381794913
815.0,1.3118676158008993
816.0,1.1649658163801444
817.0,0.9974947954917962
818.0,1.0329341206746216
819.0,1.1533299631255332
820.0,1.2378912493451475
821.0,1.2038389638304894
822.0,1.1429914524468
823.0,1.225979780475342
824.0,1.2207047818303565
825.0,1.0221368844607666
826.0,0.5448356803423362
827.0,0.36518381920667103
828.0,0.6532320168781688
829.0,1.3595370951119958
830.0,1.7803005684927156
831.0,1.8577352875831268
832.0,1.7465041096108276
833.0,1.6143861085428017
834.0,1.550649567613496
835.0,1.3621638098685547
836.0,1.270854307167657
837.0,1.1596300085498468
838.0,1.1500808325059964
839.0,1.1807072247409593
840.0,1.3748828599593599
841.0,1.411845342768426
842.0,1.316711451538046
843.0,1.2577489910400155
844.0,1.4823847581146683
845.0,1.3033733515110744
846.0,0.500501271238702
847.0,-0.5119747466562401
848.0,-1.1921242718299183
849.0,-1.2467333615259284
850.0,-0.7767478018516574
851.0,-0.23768451216051667
852.0,0.03566400116855857
853.0,0.20797814908024434
854.0,0.7090210993985215
855.0,1.554853059990883
856.0,2.182752460864412
857.0,2.387999032158315
858.0,2.2724218058100663
859.0,2.3856457229812142
860.0,2.6246067549091765
861.0,2.5908700173154084
862.0,2.215452863483691
863.0,1.6825647977130478
864.0,1.2569896208803462
865.0,1.0269923670275487
866.0,0.8879487846487756
867.0,0.8922585888556861
868.0,0.8125747628984845
869.0,0.4658700889235713
870.0,0.2548490966397819
871.0,0.4648209662278696
872.0,1.115947507931696
873.0,1.5108520575906228
874.0,1.4933974801779215
875.0,1.323682343916971
876.0,1.2276311105119186
877.0,1.2888524225008706
878.0,1.4232861421476153
879.0,1.5914458346563418
880.0,1.801518741766272
881.0,1.824435004761895
882.0,1.654598222220438
883.0,1.3782404423241104
884.0,0.9971277205438659
885.0,0.7478142035487326
886.0,0.7014122195079493
887.0,0.7631972653516065
888.0,0.5509163140948432
889.0,-0.1349732146173515
890.0,-0.801137043479094
891.0,-1.155422216560381
892.0,-0.7097274991790745
893.0,-0.22677600710556603
894.0,0.03316175386763457
895.0,0.027890492076775426
896.0,0.020446525153338727
897.0,0.022028999496311354
898.0,0.02232337515274558
899.0,0.021501192481324732
900.0,0.022043451067798068
901.0,0.022000875982843355
902.0,0.022239469985278128
903.0,0.019681893873888148
904.0,0.018991905118202538
905.0,0.018256404988324086
906.0,0.016720129836181832
907.0,0.022421077009810646
908.0,0.0203329751327003
909.0,0.019957879949815824
910.0,0.02728983310660165
911.0,0.1794722034260923
912.0,0.6736914621381798
913.0,1.4275477994847718
914.0,2.1905392396915584
915.0,2.5399291108147577
916.0,2.524482627756094
917.0,2.431195306439969
918.0,2.3196934433845975
919.0,2.184134247501114
920.0,2.0921961219523686
921.0,1.7920998855808843
922.0,1.3866843870509713
923.0,1.0144406813320566
924.0,0.49692621329115183
925.0,0.05441203052096458
926.0,-0.2905269091594113
927.0,-0.6524612350684201
928.0,-0.6712832735713485
929.0,-0.45532825036661384
930.0,0.06530091073815911
931.0,0.47198924523959823
932.0,0.5893680723463454
933.0,0.6696145538839254
934.0,0.7003987640116721
935.0,0.6420356360071057
936.0,0.38171065236399493
937.0,0.16587960788390232
938.0,0.014294530952117225
939.0,0.010667735862432994
940.0,0.015384630865657322
941.0,0.0976136715441507
942.0,0.40917465289577387
943.0,0.9897337588501735
944.0,1.45287604091009
945.0,1.6997735906986078
946.0,1.9537704545204984
947.0,2.109227857638066
948.0,2.189183655443127
949.0,2.183862725496742
950.0,2.039663944692537
951.0,1.785481460542922
952.0,1.5916711445270275
953.0,1.562935440009251
954.0,1.6558601349055424
955.0,1.8206409548710234
956.0,1.9550520437058916
957.0,1.9578909364194728
958.0,1.83083417943303
959.0,1.6955219864504427
960.0,1.6028768640666746
961.0,1.5582525806500125
962.0,1.5948615734770537
963.0,1.6962332016492132
964.0,1.7477152557603932
965.0,1.7373575360512996
966.0,1.6778232718727804
967.0,1.6169986319766096
968.0,1.5293281666283711
969.0,1.4390955836707149
970.0,1.3492530805174057
971.0,1.2941638153499426
972.0,1.2339056125996006
973.0,1.1838828030428195
974.0,1.1035905030596447
975.0,0.9768273098046939
976.0,0.7586136357537256
977.0,0.49781241385921077
978.0,0.14691096470751222
979.0,-0.14401888412260735
980.0,-0.4248426087833938
981.0,-0.5793671156912448
982.0,-0.6836956445616258
983.0,-0.771953769916048
984.0,-0.7718513459098425
985.0,-0.6755042216290726
986.0,-0.5441645425232791
987.0,-0.3179971740931575
988.0,-0.100560711356156
989.0,0.025772258504155668
990.0,0.03957361152792327
991.0,0.027458308139469347
992.0,0.026421529992009224
993.0,0.021160383518243703
994.0,0.017987618137652952
995.0,0.01666034326053797
996.0,0.019933653087574946
997.0,0.020381561560405624
998.0,0.019386838546101865
999.0,0.017426881764584085
1000.0,0.018906787411871503
1001.0,0.024320029365678435
1002.0,0.07959970274720107
1003.0,0.2501781547340921
1004.0,0.5869849565326871
1005.0,1.0479729930492534
1006.0,1.6786387835596
1007.0,2.3062255187142067
1008.0,2.741373618492467
1009.0,2.8529357795973365
1010.0,2.5806462323990553
1011.0,1.9993226957266512
1012.0,1.1605558835586869
1013.0,0.20310932878689264
1014.0,-0.5417314170688794
1015.0,-1.0409345848793021
1016.0,-1.2897724553020744
1017.0,-1.1444118185579801
1018.0,-0.7603723596922034
1019.0,-0.3994747315405697
1020.0,-0.15145793789804243
1021.0,0.0051108754553014805
1022.0,0.04192224466093903
1023.0,0.022666475410764875
1024.0,0.015376901029171762
1025.0,0.013294187845258936
1026.0,0.013165425509342216
1027.0,0.016057326858721747
1028.0,0.019119647726728434
1029.0,0.027077748916939284
1030.0,0.08126146812112028
1031.0,0.2403629005360007
1032.0,0.5081484067608582
1033.0,0.8343855243509212
1034.0,1.1265798017373583
1035.0,1.2900587092655889
1036.0,1.2894005929942025
1037.0,1.2247166911066936
1038.0,1.1033507129766138
1039.0,1.0440884987439325
1040.0,1.1664772759205133
1041.0,1.4218297341915225
1042.0,1.6651662035621027
1043.0,1.917667132549508
1044.0,2.110614550673436
1045.0,2.1831671398973027
1046.0,2.091612081263509
1047.0,1.9173214884656373
1048.0,1.6647650812005337
1049.0,1.4050978297592447
1050.0,1.252461905712702
1051.0,1.2229241086807519
1052.0,1.2488283472793618
1053.0,1.2928421616600319
1054.0,1.3079359427527737
1055.0,1.2465783610730343
1056.0,1.163022305088288
1057.0,1.0598560235415033
1058.0,0.8652582718405467
1059.0,0.7554897609448691
1060.0,0.7307837028466483
1061.0,0.7873592862356885
1062.0,0.9116905179375442
1063.0,1.1027618990691108
1064.0,1.0413404116933493
1065.0,0.6755178542168858
1066.0,0.2329960322089807
1067.0,-0.20758601385835654
1068.0,-0.5778229260588763
1069.0,-0.6698307954991091
1070.0,-0.5994284193707666
1071.0,-0.47726847177363285
1072.0,-0.29287203403005496
1073.0,-0.16274525965713565
1074.0,-0.06874972050255525
1075.0,-0.005953844429756168
1076.0,0.013099630351138735
1077.0,0.0212391818225967
1078.0,0.023394635778961195
1079.0,0.021252810967663453
1080.0,0.0212921117667583
1081.0,0.025998044236239193
1082.0,0.034154427991266986
1083.0,0.04661838312011362
1084.0,0.06176508814219254
1085.0,0.07710318193243233
1086.0,0.0985054688035867
1087.0,0.12495487429097159
1088.0,0.1585605827814296
1089.0,0.21128830204568738
1090.0,0.2956591269698798
1091.0,0.4387251573876992
1092.0,0.5934970924622154
1093.0,0.6925768219124667
1094.0,0.681893424241469
1095.0,0.6327473240090595
1096.0,0.5895161131545743
1097.0,0.6541445806173117
1098.0,0.9868719175651315
1099.0,1.5132203806418056
1100.0,2.0503643769786106
1101.0,2.441817863122435
1102.0,2.580227458999602
1103.0,2.48243415261829
1104.0,2.269614192608667
1105.0,2.058588175460126
1106.0,1.9516619136908344
1107.0,1.8804958039779107
1108.0,1.7441004828811693
1109.0,1.486983629574646
1110.0,1.255281066940733
1111.0,1.1326293679505965
1112.0,1.0631114210898749
1113.0,1.1059565348661882
1114.0,1.2280876300591477
1115.0,1.3416054812510245
1116.0,1.427006111871453
1117.0,1.49394256923375
1118.0,1.5799591420606858
1119.0,1.6433137845295176
1120.0,1.6802511389348986
1121.0,1.6834148363754058
1122.0,1.664421224778348
1123.0,1.6549981162614442
1124.0,1.6719939745803767
1125.0,1.7490099756300852
1126.0,1.888990931049522
1127.0,2.012289629162983
1128.0,2.0999345989903833
1129.0,2.0487633277019173
1130.0,1.7872868787924452
1131.0,1.175825650237027
1132.0,0.3211777922232774
1133.0,-0.6067355438099556
1134.0,-1.263336528350524
1135.0,-1.323091589724836
1136.0,-1.32301083212122
1137.0,-1.3102763757976037
1138.0,-1.1579737643812917
1139.0,-0.7202793723917331
1140.0,-0.37929703042939084
1141.0,-0.12866515761486108
1142.0,0.020213619737343688
1143.0,0.041623406662713636
1144.0,0.01954945244705365
1145.0,0.025266080521951555
1146.0,0.024671662233860896
1147.0,0.0241567759740001
1148.0,0.025726073008463867
1149.0,0.024991542327890644
1150.0,0.024696525035984608
1151.0,0.02459496324869324
1152.0,0.024000481894388415
1153.0,0.023572107200202228
1154.0,0.023590379673858908
1155.0,0.02199064698045888
1156.0,0.02415585915108297
1157.0,0.021279713685646018
1158.0,0.021548047356826968
1159.0,0.02281668719348234
1160.0,0.02319779579151697
1161.0,0.02214589957538485
1162.0,0.022346344970576592
1163.0,0.028841065519921983
1164.0,0.09566208046668102
1165.0,0.2951615251434164
1166.0,0.6208221775642174
1167.0,1.0114116314042283
1168.0,1.422841258595485
1169.0,1.7923712667566374
1170.0,2.0482391049377076
1171.0,2.1639748755171606
1172.0,2.1885051762551377
1173.0,2.156649721347661
1174.0,2.060184539067196
1175.0,1.9107965562593192
1176.0,1.7511164878544767
1177.0,1.517339814370958
1178.0,1.2524134021633588
1179.0,1.01878352156138
1180.0,0.8171903104518836
1181.0,0.6965282576731628
1182.0,0.6142587968541764
1183.0,0.5017243365818068
1184.0,0.41084611999347764
1185.0,0.3321523548082071
1186.0,0.1881191916150186
1187.0,0.0010138139319696342
1188.0,-0.21243427065856618
1189.0,-0.4290004837184917
1190.0,-0.5276234798320788
1191.0,-0.4942176722773074
1192.0,-0.31192712740986867
1193.0,-0.1133178134139731
1194.0,-0.003771722882678807
1195.0,0.01769714052985253
1196.0,0.021539573840517613
1197.0,0.02078315514399153
1198.0,0.021752222253344923
1199.0,0.022189619470624065
1200.0,0.021977542700868047
1201.0,0.023472364284031114
1202.0,0.022402381431016645
1203.0,0.019820338677371995
1204.0,0.020769585234768746
1205.0,0.02048654600034889
1206.0,0.02029835480381373
1207.0,0.02104753791443808
1208.0,0.022172325882255896
1209.0,0.023601725566349856
1210.0,0.023758826621247446
1211.0,0.022254105811638142
1212.0,0.02444388152899503
1213.0,0.023792385700202263
1214.0,0.04464672105623869
1215.0,0.16269821577931817
1216.0,0.37948999399873634
1217.0,0.73685116506171
1218.0,1.199841047293028
1219.0,1.6768491114070547
1220.0,1.9224128094601636
1221.0,2.1359137741629963
1222.0,2.3166309564817382
1223.0,2.260653116192418
1224.0,2.15747487883996
1225.0,2.032344225928412
1226.0,1.6696483247831
1227.0,1.2457628810254584
1228.0,0.924463396742698
1229.0,0.6885044118866733
1230.0,0.3544429428267393
1231.0,0.07533318913195508
1232.0,0.020945331350962184
1233.0,0.08735315674945
1234.0,0.2861883649372431
1235.0,0.739548408185588
1236.0,1.2712247616399879
1237.0,1.705336209800987
1238.0,2.0232872118933756
1239.0,2.2694742141168005
1240.0,2.303693037063341
1241.0,2.1265427374068553
1242.0,1.7327964878478805
1243.0,1.1269492138493493
1244.0,0.44736509672624664
1245.0,0.06655531033278736
1246.0,-0.09050557918985744
1247.0,0.07187419221714261
1248.0,0.6285549713517402
1249.0,1.4155704533521867
1250.0,2.047065006423945
1251.0,2.4671778676337013
1252.0,2.5450391909971533
1253.0,2.3786346502066693
1254.0,2.1263182803143668
1255.0,1.775899326777499
1256.0,1.4993622529212582
1257.0,1.3768702121593888
1258.0,1.3138842657721679
1259.0,1.2777287443141694
1260.0,1.3091215908330018
1261.0,1.3615991943469996
1262.0,1.4410092504326717
1263.0,1.5278694490806395
1264.0,1.5640798896884505
1265.0,1.5066647291408046
1266.0,1.4021508333924015
1267.0,1.3234082926133934
1268.0,1.3495280106867678
1269.0,1.4430397350831172
1270.0,1.5127586483537276
1271.0,1.5824358137961472
1272.0,1.6543472291908652
1273.0,1.7197001566316623
1274.0,1.917875837825508
1275.0,2.1667996990742493
1276.0,2.2918215827126467
1277.0,2.2488093136986262
1278.0,2.098810427491835
1279.0,1.8657589263441072
1280.0,1.5609279359454715
1281.0,1.291437030105581
1282.0,1.0853832661423872
1283.0,0.9496572309486715
1284.0,0.9199314638565635
1285.0,0.9757874366975521
1286.0,0.9371684564831362
1287.0,0.8617109578775745
1288.0,0.8692845767708286
1289.0,0.9608190446853266
1290.0,1.1329757916374037
1291.0,1.3346456023631246
1292.0,1.451591104078118
1293.0,1.3698046040854435
1294.0,1.0803207044088095
1295.0,0.7775678758891215
1296.0,0.6846952601729644
1297.0,0.7861297375379314
1298.0,0.9961817918263687
1299.0,1.2701836209938204
1300.0,1.5318634181658772
1301.0,1.573986691999552
1302.0,1.4384517739483582
1303.0,1.1845968222677783
1304.0,0.7929822507924116
1305.0,0.08428173066767057
1306.0,-0.7797307228586162
1307.0,-1.2982995346796995
1308.0,-1.3236029669785103
1309.0,-1.3233453290688717
1310.0,-1.3235667395868056
1311.0,-1.3226160748324798
1312.0,-1.2491528686149573
1313.0,-0.9380799889863207
1314.0,-0.5647380724652737
1315.0,-0.2561390357279512
1316.0,-0.0526939420550355
1317.0,0.017034785798311334
1318.0,0.017947286850641876
1319.0,0.024702886781381
1320.0,0.025059497063933896
1321.0,0.022993536361632375
1322.0,0.02481790832672866
1323.0,0.025394263216310047
1324.0,0.022617013715512363
1325.0,0.021132369610434586
1326.0,0.020210317512419123
1327.0,0.02184348827754635
1328.0,0.023329691815862554
1329.0,0.024035093498957764
1330.0,0.024458196087258938
1331.0,0.02203990714618818
1332.0,0.021899222045879733
1333.0,0.02478072159322443
1334.0,0.023067161037075453
1335.0,0.021757911903624826
1336.0,0.022677258340610944
1337.0,0.022144032587068017
1338.0,0.022212528111368757
1339.0,0.021376995382737945
1340.0,0.020499733020451473
1341.0,0.0199553782373881
1342.0,0.019991903712141313
1343.0,0.02050248121433747
1344.0,0.02211111556988155
1345.0,0.019166769411851234
1346.0,0.020097590030426864
1347.0,0.019905263655550336
1348.0,0.021306333668576177
1349.0,0.0224066489035777
1350.0,0.02550458808778749
1351.0,0.06274429279261515
1352.0,0.25501539112727234
1353.0,0.5763157713007354
1354.0,1.1158562140443922
1355.0,1.7475297080676595
1356.0,2.4387021461342266
1357.0,2.889923348130645
1358.0,3.1752952348801546
1359.0,3.1453120500944944
1360.0,2.7356791757403633
1361.0,2.1523137597736093
1362.0,1.6320773994945352
1363.0,1.2607194859437458
1364.0,1.1153376447683365
1365.0,1.223328393668344
1366.0,1.4831376485947183
1367.0,1.7711834296352695
1368.0,1.6602808869959653
1369.0,1.1627381659975564
1370.0,0.6392202462169252
1371.0,-0.04235418896702872
1372.0,-0.6312845599250463
1373.0,-0.5954800408923222
1374.0,-0.06580322484729721
1375.0,0.5062682875835082
1376.0,1.3266457280683903
1377.0,2.077876859687606
1378.0,2.720921543540378
1379.0,3.3411078120544944
1380.0,4.085292849813768
1381.0,4.606630853020411
1382.0,4.792346388073245
1383.0,4.718447203020636
1384.0,4.498264033350113
1385.0,4.185951655675789
1386.0,3.972200010325631
1387.0,3.9621957540479027
1388.0,3.8361301475369833
1389.0,3.6167569771192043
1390.0,3.1343829972423505
1391.0,2.3486704889179553
1392.0,1.5818390146218957
1393.0,0.8760528135473072
1394.0,0.4432167924709779
1395.0,0.10962834451387707
1396.0,0.22787833760557635
1397.0,0.19645258045895203
1398.0,0.37769047977548637
1399.0,0.5437034836968038
1400.0,0.8644290166255209
1401.0,1.2618258459550524
1402.0,1.732719137696471
1403.0,1.9864982821132275
1404.0,2.1201342534129632
1405.0,2.2512154129749153
1406.0,2.179464374343807
1407.0,2.1311846766905727
1408.0,2.318868236728653
1409.0,2.570415045521156
1410.0,2.7787524735075477
1411.0,2.9397411664858373
1412.0,2.80485516724174
1413.0,2.4166067650610676
1414.0,1.7889309943517437
1415.0,1.189134862885712
1416.0,0.7252815766468267
1417.0,0.7982901534342379
1418.0,0.9626993692849042
1419.0,1.343382582339976
1420.0,1.5770136279256586
1421.0,1.9302568762818957
1422.0,1.8488841873630866
1423.0,1.8558331115810875
1424.0,1.666750766745345
1425.0,1.5067693520008207
1426.0,1.1698736067855577
1427.0,1.090211736726409
1428.0,0.9450237329947145
1429.0,0.9892638577523457
1430.0,1.0460831322606596
1431.0,1.0409940311549837
1432.0,0.8560909102922283
1433.0,0.5255287582632858
1434.0,0.14263668073006336
1435.0,-0.42345318305159746
1436.0,-0.6094373550811729
1437.0,-0.7459324545934419
1438.0,-0.5464596070318255
1439.0,-0.2023558014541891
1440.0,0.42825755013735106
1441.0,0.6671520266229063
1442.0,0.9690620687489645
1443.0,0.9069562906348585
1444.0,0.713144518043995
1445.0,0.2616238039104794
1446.0,0.05759219392603305
1447.0,-0.2078092604283071
1448.0,-0.1491182773240829
1449.0,0.009218286880756446
1450.0,0.0805542397173643
1451.0,0.20697037159731363
1452.0,0.3162320517176798
1453.0,0.3676040966272253
1454.0,0.5318969742861034
1455.0,0.871474395704875
1456.0,1.301440412205269
1457.0,1.7183417598170228
1458.0,2.076724505272512
1459.0,2.358574649280155
1460.0,2.603271351169654
1461.0,2.6219921435432476
1462.0,2.447057621086559
1463.0,2.290920253008341
1464.0,1.844254611305271
1465.0,1.1114874331871594
1466.0,0.31105638902968336
1467.0,-0.4255221282331185
1468.0,-1.2811002084928127
1469.0,-1.3227021209952865
1470.0,-1.3234204152012696
1471.0,-1.323230901603822
1472.0,-1.1992492996362976
1473.0,-0.8069857972135417
1474.0,-0.37387089091247055
1475.0,-0.04404046717069327
1476.0,-0.09665714328626482
1477.0,-0.04606867033625216
1478.0,0.08081060207481462
1479.0,0.19800955114071903
1480.0,0.12870790986122022
1481.0,-0.009349321696325873
1482.0,-0.28218236782093736
1483.0,-0.6400225195394507
1484.0,-1.1658240045568975
1485.0,-1.3232179165214855
1486.0,-1.3232354150764698
1487.0,-1.3234981148370795
1488.0,-1.3229001919278032
1489.0,-1.3236963373549349
1490.0,-1.3235703754116803
1491.0,-1.3235758443787302
1492.0,-1.3232859068876464
1493.0,-1.323526050850688
1494.0,-1.3237892143984789
1495.0,-1.323323611607225
1496.0,-1.323557995314972
1497.0,-1.2764962686472245
1498.0,-0.9421080837087168
1499.0,-0.3966301047524783
1500.0,-0.07077364371654969
1501.0,-0.3024429540696393
1502.0,-0.7701715485723288
1503.0,-1.019306187630959
1504.0,-0.97023980503423
1505.0,-0.7366031588432962
1506.0,-0.36482491747022044
1507.0,-0.10724725143946172
1508.0,-0.17571206932079192
1509.0,-0.36789032618928436
1510.0,-0.5354858456430762
1511.0,-0.5412618294044289
1512.0,-0.35036003929014564
1513.0,-0.20347643717173206
1514.0,-0.07828273872785808
1515.0,0.03127588385245506
1516.0,0.039370919865100086
1517.0,0.017954813959163003
1518.0,0.025327838813267292
1519.0,0.024932906840168606
1520.0,0.0254473552043851
1521.0,0.02454230263555382
1522.0,0.023673089654193593
1523.0,0.022396612970417742
1524.0,0.021231896142040782
1525.0,0.021598886577095043
1526.0,0.044068145396226624
1527.0,0.1657146666489826
1528.0,0.4334335873129163
1529.0,0.8225846651824246
1530.0,1.3945170840084748
1531.0,2.040340970626187
1532.0,2.574699597256075
1533.0,2.922607657118911
1534.0,3.0465658962653923
1535.0,3.050136661338859
1536.0,3.0255570809823062
1537.0,3.0588585071207497
1538.0,3.0476724384884952
1539.0,2.8922894578533156
1540.0,2.6169866810247417
1541.0,2.299641873194485
1542.0,2.0002928011642265
1543.0,1.8819205895482398
1544.0,1.749166316826302
1545.0,1.6372659274465147
1546.0,1.4176233392890891
1547.0,1.0813734635698937
1548.0,0.8825019783016257
1549.0,0.9286774065488665
1550.0,0.8767294407716986
1551.0,0.7001254097510619
1552.0,0.5969553960686557
1553.0,0.3437428426351383
1554.0,0.08692256729791546
1555.0,0.03490873318619561
1556.0,0.17836693961465755
1557.0,0.26541295992659253
1558.0,0.24289424786417446
1559.0,0.06512690776847299
1560.0,-0.15246336512859834
1561.0,-0.8070192056183115
1562.0,-1.1728571617757901
1563.0,-1.315492382992499
1564.0,-1.3235928677897284
1565.0,-1.3235262009030777
1566.0,-1.323521489152742
1567.0,-1.3231674830799018
1568.0,-1.3235275403301348
1569.0,-1.322739583380912
1570.0,-1.323207461248881
1571.0,-1.2597386221734002
1572.0,-1.021294605153013
1573.0,-0.7041149158191643
1574.0,-0.4438734608118592
1575.0,-0.19758657160458865
1576.0,-0.025367950280098056
1577.0,0.02157266752037372
1578.0,0.019959059018438238
1579.0,0.039571759561970114
1580.0,0.15487336292908352
1581.0,0.4126770949870653
1582.0,0.8173818231228788
1583.0,1.4217476993631801
1584.0,2.121599684363567
1585.0,2.7828539956043197
1586.0,3.2438411738650093
1587.0,3.378054478144709
1588.0,3.4229382407827247
1589.0,3.3175828600679558
1590.0,2.9758809859749205
1591.0,2.573101728801169
1592.0,2.1597342435070424
1593.0,1.6564532406476116
1594.0,1.1970210023447034
1595.0,0.8344073651716449
1596.0,0.386284224356504
1597.0,-0.23731778929936534
1598.0,-0.9314721714327298
1599.0,-1.263383060942014
1600.0,-1.323052511219592
1601.0,-1.3228735471274893
1602.0,-1.3118802768506783
1603.0,-1.0815106964756511
1604.0,-0.6794627773175023
1605.0,-0.34725574739526543
1606.0,-0.0857216229923298
1607.0,0.028519510246634218
1608.0,0.024926888578728434
1609.0,0.0246542295615912
1610.0,0.025796977132574617
1611.0,0.026717922875839337
1612.0,0.02788275257140943
1613.0,0.026703235611594864
1614.0,0.025171002803653232
1615.0,0.022215466428488918
1616.0,0.02320679918279335
1617.0,0.023682828226644647
1618.0,0.02505201125776557
1619.0,0.02364363779503289
1620.0,0.022482819917477283
1621.0,0.024523493325474606
1622.0,0.03987254223801629
1623.0,0.16854897796594803
1624.0,0.45083635411682466
1625.0,0.8967326848894748
1626.0,1.5382769048142677
1627.0,2.2280763362207288
1628.0,2.9204677780879598
1629.0,3.511929809038461
1630.0,3.720396280308363
1631.0,3.7815690182524446
1632.0,3.842633188653796
1633.0,3.566973329398892
1634.0,3.14899879542325
1635.0,2.9196869595834305
1636.0,2.5150375343504328
1637.0,2.0648434090265635
1638.0,1.729935318247426
1639.0,1.260094958440333
1640.0,0.8513819543006512
1641.0,0.4451437706273322
1642.0,0.03651047434315537
1643.0,-0.04906197146188653
1644.0,-0.017586646292884697
1645.0,-0.1816299587551046
1646.0,-0.10949639244523982
1647.0,-0.06538137002910742
1648.0,-0.3280889889212481
1649.0,-0.2739640733488278
1650.0,-0.14664330089078212
1651.0,-0.2370933790199257
1652.0,-0.10100853970959388
1653.0,-0.0603121018228318
1654.0,-0.25795548273788327
1655.0,-0.07007392601935986
1656.0,0.013678322098363066
1657.0,0.004544811853631564
1658.0,-0.03016552971319613
1659.0,0.04914150323151324
1660.0,-0.14861744159702603
1661.0,-0.2713931984185395
1662.0,-0.3788704776213442
1663.0,-0.41143510599233285
1664.0,-0.6653406356570755
1665.0,-1.1465653353155654
1666.0,-1.323346766995673
1667.0,-1.3235667401428965
1668.0,-1.3230950838378108
1669.0,-1.3236167813479052
1670.0,-1.3229386179741163
1671.0,-1.3231767386656283
1672.0,-1.323159157899946
1673.0,-1.3236078487212266
1674.0,-1.320260458778889
1675.0,-1.1375636282366808
1676.0,-0.7457090245709701
1677.0,-0.37594052391375626
1678.0,-0.13614940629738714
1679.0,0.01414995348945842
1680.0,0.06024774607437363
1681.0,0.033777182315705985
1682.0,0.027804116954296368
1683.0,0.051375547514978054
1684.0,0.1329484773399152
1685.0,0.23766806410850777
1686.0,0.358467220774469
1687.0,0.5276679650976117
1688.0,0.681423787169265
1689.0,0.8667578705795813
1690.0,1.1345775478756976
1691.0,1.459207487340137
1692.0,1.788892835885916
1693.0,2.0561570294957465
1694.0,2.2238418224089775
1695.0,2.2518085048712697
1696.0,2.222768810666922
1697.0,2.195796035617039
1698.0,2.1844798677679846
1699.0,2.169692791534934
1700.0,2.1056933192631
1701.0,1.9555589324695268
1702.0,1.7706008287843238
1703.0,1.5920580589936069
1704.0,1.4488158208368553
1705.0,1.3759403349519888
1706.0,1.4124085783129372
1707.0,1.516673332535525
1708.0,1.568279846353792
1709.0,1.5517924631264302
1710.0,1.447704662595524
1711.0,1.2952489253258692
1712.0,1.1723434847363652
1713.0,1.1146576520642253
1714.0,1.035703268458786
1715.0,0.815182319791921
1716.0,0.3113557682596131
1717.0,-0.37436280205360006
1718.0,-0.9920700532014955
1719.0,-1.2903470563240245
1720.0,-1.3232841093892578
1721.0,-1.1793095831524552
1722.0,-0.7743772832418111
1723.0,-0.41630338620248747
1724.0,-0.14258242799805995
1725.0,0.008559280311874001
1726.0,0.04007887908644272
1727.0,0.02564966842164028
1728.0,0.022002415419356443
1729.0,0.02221034302071472
1730.0,0.022142417085054312
1731.0,0.023800625873820695
1732.0,0.024157610318416275
1733.0,0.022532714761323663
1734.0,0.021357670195506807
1735.0,0.025642825064501978
1736.0,0.022395539272550388
1737.0,0.021184719483081923
1738.0,0.04898617443744254
1739.0,0.21135424318080315
1740.0,0.49250814481553856
1741.0,0.8582409868807913
1742.0,1.2697466754198243
1743.0,1.6165285493622052
1744.0,1.7958985714041462
1745.0,1.7363260729547307
1746.0,1.5924235784308662
1747.0,1.498982513664557
1748.0,1.34996802343366
1749.0,1.2375464518767403
1750.0,1.1695421384359472
1751.0,1.0690034637607608
1752.0,0.9690185729006451
1753.0,0.9497603361645581
1754.0,1.0085925145996752
1755.0,1.060913454832399
1756.0,1.0727399466236225
1757.0,1.05858703433896
1758.0,1.0354497433445295
1759.0,1.0215991476496868
1760.0,1.100823518484153
1761.0,1.2630122859663593
1762.0,1.450662678068812
1763.0,1.616206406251901
1764.0,1.7863276576868072
1765.0,1.8620050289996357
1766.0,1.8021112146884168
1767.0,1.7151042377595056
1768.0,1.655049085234018
1769.0,1.582445783441513
1770.0,1.549908007126866
1771.0,1.5428322582868623
1772.0,1.5069447495519732
1773.0,1.4508652662800678
1774.0,1.5002045984456276
1775.0,1.704415311382953
1776.0,1.9648697383800986
1777.0,2.1374268470399844
1778.0,2.1847615489271845
1779.0,1.8560812369425652
1780.0,1.0246811505288966
1781.0,0.04747256044781353
1782.0,-0.8514404916627876
1783.0,-1.3231940300360885
1784.0,-1.3234324315292165
1785.0,-1.323327381204045
1786.0,-1.1758615024686268
1787.0,-0.8354114839097944
1788.0,-0.4716685626996187
1789.0,-0.19398741998813912
1790.0,-0.03746110808672006
1791.0,0.009804940936875563
1792.0,0.01351780043474419
1793.0,0.014221043905479142
1794.0,0.013557488791430292
1795.0,-0.0005709403059410485
1796.0,0.004273353012578019
1797.0,0.0009893540259490955
1798.0,0.007720929006062431
1799.0,0.006824331161629221
1800.0,0.005768888558506459
1801.0,0.005115267420123855
1802.0,0.010454112848708268
1803.0,0.01052488156099623
1804.0,0.008751184808838824
1805.0,0.012636773079261344
1806.0,0.010089922908858219
1807.0,0.008070820497632568
1808.0,0.007933361921750755
1809.0,0.008480317021526943
1810.0,0.0098850449579418
1811.0,0.012416321093130575
1812.0,0.012983543192741878
1813.0,0.014458028162559387
1814.0,0.09736478391111027
1815.0,0.3391232056095232
1816.0,0.4836046526817601
1817.0,0.6043581233775095
1818.0,0.830127600316431
1819.0,0.9434803617342066
1820.0,0.7123162870377496
1821.0,0.6279875411639099
1822.0,0.4375117785286788
1823.0,0.34304311848140817
1824.0,0.14570304911358536
1825.0,0.08824064465149639
1826.0,-0.04014258483768383
1827.0,-0.1900336192478818
1828.0,-0.5208498078787714
1829.0,-0.6928697183973991
1830.0,-0.7530784239968034
1831.0,-0.797233526592101
1832.0,-0.9204210012672841
1833.0,-1.1240027110813382
1834.0,-1.2838453485989276
1835.0,-1.323980890045433
1836.0,-1.3237116564576932
1837.0,-1.322989531019405
1838.0,-1.3235815642367188
1839.0,-1.3231711620905475
1840.0,-1.3230710695600751
1841.0,-1.3235979264755455
1842.0,-1.3231578213379165
1843.0,-1.3092766911379166
1844.0,-1.1118247539556643
1845.0,-0.7731855232701319
1846.0,-0.4583988721954672
1847.0,-0.2509227266741496
1848.0,-0.08103812296798922
1849.0,0.011824451833280594
1850.0,0.008836083486309858
1851.0,-0.0041630047638600174
1852.0,0.013016364887823012
1853.0,0.0016606324243979803
1854.0,-0.00917868157396401
1855.0,0.011167920200028445
1856.0,5.757340627258929e-05
1857.0,0.0066412659507837975
1858.0,0.01305118339616411
1859.0,-0.022294134142212367
1860.0,0.008877018756977391
1861.0,0.14106341450430712
1862.0,0.3591764280972358
1863.0,0.7551869164956196
1864.0,1.1423062130685842
1865.0,1.492202449091549
1866.0,1.6386674756209656
1867.0,1.6024260714888312
1868.0,1.4844537727378062
1869.0,1.5664361047592232
1870.0,1.6068689285378532
1871.0,1.7347265024729233
1872.0,2.001163305310789
1873.0,2.1391167536887408
1874.0,1.9658374437155122
1875.0,1.7856207307782217
1876.0,1.7089003391194777
1877.0,1.5908888248953241
1878.0,1.4185073949514215
1879.0,1.2392801362697639
1880.0,0.9509527226713869
1881.0,0.4324720806727521
1882.0,-0.15405548340298525
1883.0,-0.5969339746966146
1884.0,-0.9065766814562297
1885.0,-1.0806220576630934
1886.0,-0.9520715659477277
1887.0,-0.6957312397837346
1888.0,-0.4796769521575346
1889.0,-0.34373761215689036
1890.0,-0.20968493721411943
1891.0,-0.12699969055425123
1892.0,-0.06903024758804246
1893.0,0.13668374415755394
1894.0,0.41310390497691335
1895.0,0.6087814713915588
1896.0,0.856365060642041
1897.0,1.0522882108205283
1898.0,1.0232591410986265
1899.0,0.9558261126645113
1900.0,0.8655755380806246
1901.0,0.6769684053251995
1902.0,0.5554344085416159
1903.0,0.3732611349838882
1904.0,0.27710142693056755
1905.0,0.10474137270300204
1906.0,0.04492850815325517
1907.0,-0.16910252101777917
1908.0,-0.1624032392953992
1909.0,-0.5067677832273683
1910.0,-0.4734871115179279
1911.0,-0.7947384785478828
1912.0,-0.9030089853413655
1913.0,-1.2840930278516243
1914.0,-1.3232267695580908
1915.0,-1.323316758808306
1916.0,-1.323520834080492
1917.0,-1.323355716358029
1918.0,-1.3234287069494621
1919.0,-1.323158445184252
1920.0,-1.3236897227166515
1921.0,-1.3234945912666645
1922.0,-1.3233009062570933
1923.0,-1.276216098873206
1924.0,-1.0972072984677843
1925.0,-0.8043182130453298
1926.0,-0.5379815868231492
1927.0,-0.27295282732663945
1928.0,-0.10191973425470278
1929.0,0.042355989656605406
1930.0,0.4162144464209471
1931.0,0.8631107584688262
1932.0,1.1983810473616623
1933.0,1.4164738795828515
1934.0,1.4649512908704416
1935.0,1.338427248231852
1936.0,1.2000436751078305
1937.0,1.256411187738291
1938.0,1.4967778144393953
1939.0,1.6462366063494975
1940.0,1.5964446190760597
1941.0,1.3576624933153616
1942.0,1.036526216931751
1943.0,0.6092454883582891
1944.0,0.19542618459488648
1945.0,-0.06923488783672507
1946.0,-0.29550801571748636
1947.0,-0.5408340626040026
1948.0,-0.6067493841646222
1949.0,-0.617991791237003
1950.0,-0.623499468014056
1951.0,-0.6861237088351323
1952.0,-0.6607430131799862
1953.0,-0.624829987621885
1954.0,-0.5869661961923749
1955.0,-0.49733293405514345
1956.0,-0.3405082637508521
1957.0,-0.3162003868097229
1958.0,-0.2381077130484476
1959.0,-0.0493766248982059
1960.0,0.27226431757805447
1961.0,0.7357211871102225
1962.0,1.105219906353112
1963.0,1.3381215665819701
1964.0,1.2211132644338076
1965.0,1.059676503866047
1966.0,0.8643606267833885
1967.0,0.6466699318251635
1968.0,0.36632624400087155
1969.0,0.12363750035748938
1970.0,-0.10242094024256886
1971.0,-0.45738684000407814
1972.0,-0.783458328571236
1973.0,-0.8238250698984996
1974.0,-0.8308345599077714
1975.0,-0.9742417024039248
1976.0,-1.0011835728528393
1977.0,-0.8353105161043934
1978.0,-0.8285400251262659
1979.0,-0.7939227998270085
1980.0,-0.9779400992279303
1981.0,-0.8333423142966643
1982.0,-0.738917013129112
1983.0,-0.6230162770505607
1984.0,-0.46995496608441817
1985.0,-0.19875968808506042
1986.0,-0.24507664938571877
1987.0,-0.2531691308858074
1988.0,-0.2826421512248248
1989.0,-0.33956455631898436
1990.0,-0.37618951332405637
1991.0,-0.4587961947160321
1992.0,-0.5821247940001472
1993.0,-0.7651422893121252
1994.0,-0.9397729656203296
1995.0,-0.9641962365070826
1996.0,-0.9352855123955054
1997.0,-0.7363837584752952
1998.0,-0.21057990472867957
1999.0,0.4405936667346108
2000.0,0.9958317716122511
2001.0,1.4435797943740727
2002.0,1.7751046463014348
2003.0,1.9123775619069825
2004.0,1.931871766936369
2005.0,2.021662134335713
2006.0,2.151134791120877
2007.0,2.2289484307931264
2008.0,2.1909441659886886
2009.0,2.070032920683026
2010.0,1.9176374214888026
2011.0,1.7608237057928262
2012.0,1.6971395597284373
2013.0,1.758843665658956
2014.0,1.848778905636719
2015.0,1.8772216491445994
2016.0,1.8281375116611531
2017.0,1.6995221251637012
2018.0,1.4909324349665458
2019.0,1.1569376421044406
2020.0,0.8805624926593425
2021.0,0.6440642435966725
2022.0,0.3447789410308088
2023.0,0.2265402384356001
2024.0,0.34203708453384923
2025.0,0.5394683420326809
2026.0,0.8197753316767987
2027.0,1.1214391974888334
2028.0,1.3545302997545952
2029.0,1.507077598920253
2030.0,1.57098800674652
2031.0,1.5801787745836544
2032.0,1.6009906801104372
2033.0,1.6180234689755786
2034.0,1.520386686844942
2035.0,1.3400540383971504
2036.0,1.1712993797348787
2037.0,0.9681529657123625
2038.0,0.7158518347473247
2039.0,0.5494947439257336
2040.0,0.49814527800627845
2041.0,0.4814103121705315
2042.0,0.4350503937437499
2043.0,0.40418081234001174
2044.0,0.4170522232715948
2045.0,0.5222537724513584
2046.0,0.6639691881657115
2047.0,0.8283689810143565
2048.0,0.9516146152597618
2049.0,0.9786793033068432
2050.0,0.8920078890310977
2051.0,0.7790170135021989
2052.0,0.6819196305776223
2053.0,0.594743920995402
2054.0,0.4939884819583117
2055.0,0.37961670883320175
2056.0,0.3401371731598831
2057.0,0.36576421633598744
2058.0,0.43080859687128825
2059.0,0.492919288374378
2060.0,0.5445291669852564
2061.0,0.5480089766028532
2062.0,0.4871978960124031
2063.0,0.43932730661242675
2064.0,0.4633793460963255
2065.0,0.5043638164786569
2066.0,0.49751790644517235
2067.0,0.42896762286126505
2068.0,0.25519418962237833
2069.0,0.02784460438161785
2070.0,-0.25034165829569327
2071.0,-0.3199511835708193
2072.0,-0.18687133163065883
2073.0,0.08191788162924615
2074.0,0.48194532613149577
2075.0,0.8119651727519386
2076.0,0.9651073879158815
2077.0,0.9919559974701285
2078.0,0.9617382231093953
2079.0,0.8661398470613149
2080.0,0.7699312054246611
2081.0,0.7075225668146164
2082.0,0.6373169302331536
2083.0,0.500669983969922
2084.0,0.38463334955514555
2085.0,0.33105982753774665
2086.0,0.2644572426777728
2087.0,0.19567474142750038
2088.0,0.18269833195790977
2089.0,0.1801273298517963
2090.0,0.20652354014192528
2091.0,0.33620142970700945
2092.0,0.4470988686670049
2093.0,0.46229191499534256
2094.0,0.4434638094246476
2095.0,0.356360879938122
2096.0,0.29219256111187303
2097.0,0.3898603598982599
2098.0,0.5672595749121664
2099.0,0.5767862894745437
2100.0,0.4361046236788669
2101.0,0.05529727965631373
2102.0,-0.4203702348648314
2103.0,-0.9875081010107415
2104.0,-1.2694397328702813
2105.0,-1.3177362457753692
2106.0,-1.2263140982738068
2107.0,-0.9757431144657934
2108.0,-0.6838903843778136
2109.0,-0.39706872352941763
2110.0,-0.1656948053066166
2111.0,-0.035366751159220784
2112.0,0.00982688884539552
2113.0,-0.007027882557994251
2114.0,0.009636667596727023
2115.0,0.19972323038358686
2116.0,0.44322107505104585
2117.0,0.4096183314898416
2118.0,0.3861516029110178
2119.0,0.10211006523196435
2120.0,-0.2614558176922259
2121.0,-0.7407037399282687
2122.0,-0.5939741107095728
2123.0,-0.4486984888001897
2124.0,-0.19759930499993683
2125.0,-0.34273777307687503
2126.0,-0.28131610302918486
2127.0,-0.6864596679811686
2128.0,-0.967866155081823
2129.0,-1.3204515467896072
2130.0,-1.3179326342057573
2131.0,-1.3233302592538638
2132.0,-1.3230047368210032
2133.0,-1.3227117020247265
2134.0,-1.3227613444671322
2135.0,-1.3223852889449674
2136.0,-1.3231986973759542
2137.0,-1.3223939261237776
2138.0,-1.3235473907766002
2139.0,-1.3230021258163305
2140.0,-1.3238181839315166
2141.0,-1.322424644436263
2142.0,-1.3048688338706569
2143.0,-0.975577655428786
2144.0,-1.021974467892829
2145.0,-0.9270161751235804
2146.0,-1.0160258784775675
2147.0,-1.0671786350439765
2148.0,-1.2833784363943077
2149.0,-1.1480597199124782
2150.0,-1.0385738109066975
2151.0,-0.8750881599405773
2152.0,-0.6269651863862766
2153.0,-0.5606755367144342
2154.0,-0.4542206431666497
2155.0,-0.48947393137043516
2156.0,-0.6159359990031109
2157.0,-0.8627565199196879
2158.0,-1.1584412286135295
2159.0,-1.3233596407116666
2160.0,-1.3229890246384237
2161.0,-1.3233849448236148
2162.0,-1.320812558375036
2163.0,-1.1681664282832223
2164.0,-1.0448929209105626
2165.0,-1.1011396747514928
2166.0,-1.2932142589006899
2167.0,-1.3237372513063363
2168.0,-1.323238123889782
2169.0,-1.3233111723376787
2170.0,-1.3231728109546141
2171.0,-1.301454460657683
2172.0,-1.1198202706763016
2173.0,-0.7132400071878316
2174.0,-0.3860208857479986
2175.0,-0.16771533059694202
2176.0,-0.01239392851949208
2177.0,0.017050174204963423
2178.0,0.00771041213946822
2179.0,0.0028690279878003954
2180.0,0.015625437096658524
2181.0,0.00258300389499449
2182.0,0.006113532898401656
2183.0,0.01671054180408138
2184.0,-0.002001798960705229
2185.0,0.008226879950563
2186.0,0.013844528760802286
2187.0,-0.006265671479178843
2188.0,0.005683036130802637
2189.0,0.013943426418869288
2190.0,-0.008256715532161858
2191.0,0.008733981731785915
2192.0,0.0068461656857620005
2193.0,-0.00908313945820303
2194.0,0.012014212824408456
2195.0,0.006381218553586066
2196.0,-0.007996879404892349
2197.0,0.014486885479889414
2198.0,0.0031687370143360185
2199.0,-0.007516234677295439
2200.0,0.014356072575758884
2201.0,0.01631464297148051
2202.0,0.03662524003500722
2203.0,0.18419967945385626
2204.0,0.5229972636267898
2205.0,1.0245409833923351
2206.0,1.431435008887752
2207.0,1.7158577590342605
2208.0,1.9023025974825447
2209.0,1.8543702569586324
2210.0,1.6243338574999084
2211.0,1.443746758375263
2212.0,1.3360647783314725
2213.0,1.2005807712914587
2214.0,0.990877362259941
2215.0,0.8858112395721147
2216.0,0.8098416847553102
2217.0,0.5405887323594314
2218.0,0.08897476557196332
2219.0,-0.23804693262970544
2220.0,-0.616424346171972
2221.0,-0.914801311296991
2222.0,-1.2077265705388756
2223.0,-1.3214396306729324
2224.0,-1.3231400383060987
2225.0,-1.323789229284758
2226.0,-1.3227954949190708
2227.0,-1.323453429486132
2228.0,-1.2613914930461332
2229.0,-1.0696679914157932
2230.0,-0.8277254507233498
2231.0,-0.4705970304281002
2232.0,-0.15769033469707083
2233.0,0.026488486361314057
2234.0,0.07924156183399055
2235.0,0.07522049151463446
2236.0,0.09787541572047058
2237.0,0.128158274506544
2238.0,0.13580156811152164
2239.0,0.1366698823543463
2240.0,0.10139854602703734
2241.0,0.03001409749525991
2242.0,-0.0020204675203337836
2243.0,-0.034418334876826565
2244.0,-0.02544880096092751
2245.0,0.008194278103917664
2246.0,0.03160884235187846
2247.0,0.08572774267047756
2248.0,0.06697171032052505
2249.0,0.01565091394428293
2250.0,0.041479778842774144
2251.0,0.16690987043130834
2252.0,0.3920613710987256
2253.0,0.6766735871347074
2254.0,0.8428307315490735
2255.0,0.9722386222541479
2256.0,1.1150208001987945
2257.0,1.2055074996770896
2258.0,1.2354154230388765
2259.0,1.176563028473255
2260.0,0.9634857572211409
2261.0,0.5984878453552972
2262.0,0.26766725070766284
2263.0,0.18958209634485737
2264.0,0.16331472604779465
2265.0,0.3537183560132671
2266.0,0.5591212719803684
2267.0,0.612447756023215
2268.0,0.4868220071726714
2269.0,0.45411019962348836
2270.0,0.3555687002328509
2271.0,0.33796668818698866
2272.0,0.37163870715157316
2273.0,0.4309522409732286
2274.0,0.40376594205072586
2275.0,0.2390024997456596
2276.0,0.07206095044618642
2277.0,-0.10174659325002429
2278.0,-0.2853612902843014
2279.0,-0.4120526109174389
2280.0,-0.5170638511881346
2281.0,-0.5572079344168104
2282.0,-0.5861386042180582
2283.0,-0.5797864819411985
2284.0,-0.5821072242234818
2285.0,-0.6192693372652014
2286.0,-0.702643670476916
2287.0,-0.8357164538716604
2288.0,-1.1256787556230108
2289.0,-1.2943199180182436
2290.0,-1.3184599386591602
2291.0,-1.2804416569324348
2292.0,-1.162803405616706
2293.0,-1.0309898536319746
2294.0,-0.882461991574198
2295.0,-0.7020467693943534
2296.0,-0.555878002800771
2297.0,-0.31103244493818283
2298.0,-0.0762715995917836
2299.0,0.04270762456540391
2300.0,0.053173817924865786
2301.0,0.02783280920415089
2302.0,0.019815862129975017
2303.0,0.01973633907768334
2304.0,0.019733386302319075
2305.0,0.01963727252539002
2306.0,0.020644582371402865
2307.0,0.02025233319600373
2308.0,0.02129675037936034
2309.0,0.020882428229739063
2310.0,0.019286227645637533
2311.0,0.024248836713327754
2312.0,0.07488854397084173
2313.0,0.24341507880325294
2314.0,0.552517331543758
2315.0,1.0016600994383709
2316.0,1.5835546753711567
2317.0,2.2392849793751086
2318.0,2.657433179770519
2319.0,2.7950694921474875
2320.0,2.5851726467781897
2321.0,2.028964320433942
2322.0,1.1992938484891615
2323.0,0.22374616269717365
2324.0,-0.5568591549605528
2325.0,-1.090016273095399
2326.0,-1.3115589509494743
2327.0,-1.211986619314988
2328.0,-0.8454865763545708
2329.0,-0.4633285811509989
2330.0,-0.17157528827240018
2331.0,0.00063407762045399
2332.0,0.04945062203662046
2333.0,0.032659430941825884
2334.0,0.024993290698408707
2335.0,0.022682355068585486
2336.0,0.023701445257924645
2337.0,0.023452754115263957
2338.0,0.023591969283859433
2339.0,0.03060609935333243
2340.0,0.08213167851269805
2341.0,0.23320585502670318
2342.0,0.49001727982855553
2343.0,0.777992700714357
2344.0,0.9821982652462258
2345.0,1.026622826258987
2346.0,0.9386942791386302
2347.0,0.7429482557661179
2348.0,0.5552597404165197
2349.0,0.48747701883854866
2350.0,0.6068259388878711
2351.0,0.8863300418930404
2352.0,1.2535152671597551
2353.0,1.62500694600128
2354.0,1.9679029099491916
2355.0,2.1565092331702287
2356.0,2.1360174722672194
2357.0,1.961419759658368
2358.0,1.704957837868519
2359.0,1.3983466743058242
2360.0,1.1928511529374561
2361.0,1.1233392465509702
2362.0,1.1098320930608823
2363.0,1.1183772997466603
2364.0,1.1061626150920463
2365.0,1.0187773906890016
2366.0,0.9130189197391009
2367.0,0.7840829590954187
2368.0,0.5982543530444449
2369.0,0.449866917351301
2370.0,0.42755861183022636
2371.0,0.4647189766922967
2372.0,0.5920679167139418
2373.0,0.7428015693353434
2374.0,0.6495387642818155
2375.0,0.32317645585926214
2376.0,-0.07485858388557619
2377.0,-0.5201241513176722
2378.0,-0.8367522031239629
2379.0,-0.8614188706302742
2380.0,-0.6971017651936995
2381.0,-0.4898227351912377
2382.0,-0.3149541720938777
2383.0,-0.2081684497665196
2384.0,-0.11663757803504014
2385.0,-0.07429177551371226
2386.0,-0.05046905800112731
2387.0,-0.005849098936068555
2388.0,0.014223518819920487
2389.0,0.0026140442092150444
2390.0,-0.006323108877138522
2391.0,-0.006997777835136383
2392.0,-0.02463162689114961
2393.0,-0.03575368250361232
2394.0,-0.03940421553385915
2395.0,-0.0409338924610973
2396.0,-0.019115654782789742
2397.0,0.006960652960481283
2398.0,0.014052011283439464
2399.0,0.03864985380256648
2400.0,0.04316947954919963
2401.0,0.06168508769559298
2402.0,-0.08261518191177515
2403.0,-0.33940624365086103
2404.0,-0.6535658547485528
2405.0,-0.8540267722813882
2406.0,-0.9052766293706025
2407.0,-0.5386482755748195
2408.0,-0.010687291648536426
2409.0,0.5961301237021146
2410.0,1.0849590626847208
2411.0,1.1166456956539643
2412.0,0.8141018146079552
2413.0,0.271161740363716
2414.0,-0.21651340846415496
2415.0,-0.6951155528493475
2416.0,-1.020132537461409
2417.0,-1.124565664047439
2418.0,-1.2369277430556072
2419.0,-1.323624766655009
2420.0,-1.3230716768192583
2421.0,-1.3233047198233205
2422.0,-1.323235398209578
2423.0,-1.3008228737185914
2424.0,-1.1059155799456737
2425.0,-0.8894014769511019
2426.0,-0.7523852525074558
2427.0,-0.5881014906147657
2428.0,-0.45699134356060084
2429.0,-0.3410366053111503
2430.0,-0.3012651855332521
2431.0,-0.2664419347169662
2432.0,-0.2828623111240231
2433.0,-0.2481962094617693
2434.0,-0.18344064334861324
2435.0,0.002906625658297062
2436.0,0.23321077951382393
2437.0,0.4596008302700002
2438.0,0.5343608522419387
2439.0,0.37520981545217036
2440.0,-0.2201434831776217
2441.0,-1.0681670575439206
2442.0,-1.3229224060164537
2443.0,-1.3234808839533143
2444.0,-1.3231419430749205
2445.0,-1.322963415060939
2446.0,-1.3233134432057603
2447.0,-1.3050056862264021
2448.0,-1.0638776648650925
2449.0,-0.6566241873436052
2450.0,-0.2888772404742674
2451.0,-0.04989396221478737
2452.0,0.02291917433267076
2453.0,0.01581281966992779
2454.0,0.014155450496580345
2455.0,0.014360324583976123
2456.0,0.01438465207490501
2457.0,0.013952686343868648
2458.0,0.013553197467016567
2459.0,0.012375765560592415
2460.0,0.011396902987098253
2461.0,0.005024697547252748
2462.0,-0.01566434725702368
2463.0,0.0030427898040649996
2464.0,0.011700463297082082
2465.0,-0.004564255025320312
2466.0,0.007193628228077263
2467.0,0.014022032086359597
2468.0,-0.008805955091950748
2469.0,0.010441701260017238
2470.0,0.011057094173381979
2471.0,-0.009379627119756009
2472.0,0.010939146535829633
2473.0,0.012887084980511264
2474.0,0.023644202327607618
2475.0,0.1155797074544228
2476.0,0.3558809460998476
2477.0,0.633084815146384
2478.0,0.9407965032854898
2479.0,1.235532510141837
2480.0,1.3607216451730808
2481.0,1.3032380139335746
2482.0,1.2007863474946157
2483.0,1.062415627251897
2484.0,0.87468373680579
2485.0,0.690210635123659
2486.0,0.4333326892388545
2487.0,0.14079414536044382
2488.0,-0.12557457164530386
2489.0,-0.34423911114419126
2490.0,-0.5015450715545752
2491.0,-0.501491961263416
2492.0,-0.4984023078471912
2493.0,-0.5274767734623136
2494.0,-0.5617823099283423
2495.0,-0.6151001066712845
2496.0,-0.7228088643035555
2497.0,-0.8360762644521812
2498.0,-0.9025544994810693
2499.0,-0.895933048595284
2500.0,-0.8380921508321603
2501.0,-0.6871449726444224
2502.0,-0.4039627847662396
2503.0,-0.18974787777695784
2504.0,-0.03527942458498398
2505.0,0.031856867383631034
2506.0,0.016099853136050585
2507.0,0.011891484237397675
2508.0,0.01020321342462315
2509.0,0.009995119904622176
2510.0,0.011482118520276198
2511.0,0.010386044127452003
2512.0,0.009929582605892141
2513.0,0.011382152001798157
2514.0,0.011670160316739075
2515.0,0.011452624166723057
2516.0,0.008902892730256361
2517.0,0.009271474504504638
2518.0,0.010638478469770141
2519.0,0.010732978962093766
2520.0,0.012624082426129028
2521.0,0.011195181091671103
2522.0,0.012473580110698107
2523.0,0.012637669874260763
2524.0,0.012725253836258102
2525.0,0.01081867184551657
2526.0,0.010789429119066257
2527.0,0.010311387127355702
2528.0,0.010064471923291397
2529.0,0.011242033856091226
2530.0,0.010906128097973485
2531.0,0.013629485788101747
2532.0,0.013494732862619502
2533.0,0.010653788831294019
2534.0,0.008960157790845493
2535.0,0.01396319082675092
2536.0,0.014655479237332781
2537.0,0.011925618651566834
2538.0,0.01069549629401503
2539.0,0.010504910822227598
2540.0,0.010624694579251392
2541.0,0.012538984002667897
2542.0,0.010549108513870167
2543.0,0.010190690088088419
2544.0,0.012722618585994945
2545.0,0.013981171699057793
2546.0,0.012931500589891514
2547.0,0.011796952471800721
2548.0,0.010907336826417417
2549.0,0.012708069034272828
2550.0,0.009618733356090634
2551.0,0.010874519627463566
2552.0,0.01164596666172513
2553.0,0.01186879619794729
2554.0,0.011273494736091658
2555.0,0.011338373136506933
2556.0,0.010905285720469676
2557.0,0.012588588162031117
2558.0,0.01114681120554427
2559.0,0.010587555737524628
2560.0,0.011684309304657685
2561.0,0.010901936012897804
2562.0,0.012745930867821753
2563.0,0.011813594372900534
2564.0,0.010879961326814699
2565.0,0.011054623400122643
2566.0,0.010863280338860807
2567.0,0.012128513821301114
2568.0,0.013112463742244753
2569.0,0.011360163380729838
2570.0,0.011014387554543665
2571.0,0.013685843038310627
2572.0,0.014713476747093921
2573.0,0.010108529880727182
2574.0,0.008401445535862336
2575.0,0.00901631734913046
2576.0,0.011208186920328994
2577.0,0.010421712735755435
2578.0,0.010251997273026272
2579.0,0.01094256049853237
2580.0,0.014875895713940794
2581.0,0.013444336797180267
2582.0,0.011536850290090222
2583.0,0.014256178095217741
2584.0,0.009557155537149106
2585.0,0.009097408310986623
2586.0,0.01070930428525729
2587.0,0.00914961047701556
2588.0,0.010587429904133134
2589.0,0.010377943988318027
2590.0,0.01082038160069462
2591.0,0.011708120255474172
2592.0,0.013702532303753984
2593.0,0.011487348313713043
2594.0,0.010818390149331617
2595.0,0.012947075225144399
2596.0,0.013753028543128811
2597.0,0.01474587746300703
2598.0,0.011773834318816538
2599.0,0.010782169052041619
2600.0,-0.0006439165715903491
